ip,protocols
173.239.217.17,"OPENVPN, WIREGUARD, IPSEC, OPENVPN_TCP"
173.239.217.38,"OPENVPN, WIREGUARD, IPSEC, OPENVPN_TCP"
217.138.193.190,"OPENVPN, WIREGUARD, IPSEC, OPENVPN_TCP"
31.171.155.4,"OPENVPN, WIREGUARD, IPSEC, OPENVPN_TCP"
31.171.152.136,"OPENVPN, WIREGUARD, IPSEC, OPENVPN_TCP"
31.171.152.103,"OPENVPN, WIREGUARD, IPSEC, OPENVPN_TCP"
185.253.160.136,"OPENVPN, WIREGUARD, IPSEC, OPENVPN_TCP"
185.253.160.153,"OPENVPN, WIREGUARD, IPSEC, OPENVPN_TCP"
146.70.38.74,"OPENVPN, WIREGUARD, IPSEC, OPENVPN_TCP"
146.70.39.147,"OPENVPN, WIREGUARD, IPSEC, OPENVPN_TCP"
146.70.39.11,"OPENVPN, WIREGUARD, IPSEC, OPENVPN_TCP"
37.19.223.100,"OPENVPN, WIREGUARD, IPSEC, OPENVPN_TCP"
37.19.223.222,"OPENVPN, WIREGUARD, IPSEC, OPENVPN_TCP"
37.19.223.13,"OPENVPN, WIREGUARD, IPSEC, OPENVPN_TCP"
37.19.223.122,"OPENVPN, WIREGUARD, IPSEC, OPENVPN_TCP"
37.19.223.37,"OPENVPN, WIREGUARD, IPSEC, OPENVPN_TCP"
173.239.250.62,"OPENVPN, WIREGUARD, IPSEC, OPENVPN_TCP"
173.239.250.100,"OPENVPN, WIREGUARD, IPSEC, OPENVPN_TCP"
173.239.250.35,"OPENVPN, WIREGUARD, IPSEC, OPENVPN_TCP"
173.239.250.117,"OPENVPN, WIREGUARD, IPSEC, OPENVPN_TCP"
45.130.141.61,"OPENVPN, WIREGUARD, IPSEC, OPENVPN_TCP"
45.130.141.82,"OPENVPN, WIREGUARD, IPSEC, OPENVPN_TCP"
223.252.16.142,"OPENVPN, WIREGUARD, IPSEC, OPENVPN_TCP"
98.159.36.21,"OPENVPN, WIREGUARD, IPSEC, OPENVPN_TCP"
98.159.36.10,"OPENVPN, WIREGUARD, IPSEC, OPENVPN_TCP"
64.64.112.12,"OPENVPN, WIREGUARD, IPSEC, OPENVPN_TCP"
98.159.40.147,"OPENVPN, WIREGUARD, IPSEC, OPENVPN_TCP"
181.214.218.206,"OPENVPN, WIREGUARD, IPSEC, OPENVPN_TCP"
181.214.218.196,"OPENVPN, WIREGUARD, IPSEC, OPENVPN_TCP"
181.214.218.118,"OPENVPN, WIREGUARD, IPSEC, OPENVPN_TCP"
181.214.218.124,"OPENVPN, WIREGUARD, IPSEC, OPENVPN_TCP"
181.214.218.238,"OPENVPN, WIREGUARD, IPSEC, OPENVPN_TCP"
181.214.218.86,"OPENVPN, WIREGUARD, IPSEC, OPENVPN_TCP"
181.214.218.245,"OPENVPN, WIREGUARD, IPSEC, OPENVPN_TCP"
181.214.218.221,"OPENVPN, WIREGUARD, IPSEC, OPENVPN_TCP"
181.214.218.180,"OPENVPN, WIREGUARD, IPSEC, OPENVPN_TCP"
181.214.218.147,"OPENVPN, WIREGUARD, IPSEC, OPENVPN_TCP"
156.146.55.179,"OPENVPN, WIREGUARD, IPSEC, OPENVPN_TCP"
45.154.153.7,"OPENVPN, WIREGUARD, IPSEC, OPENVPN_TCP"
188.241.177.133,"OPENVPN, WIREGUARD, IPSEC, OPENVPN_TCP"
188.241.177.36,"OPENVPN, WIREGUARD, IPSEC, OPENVPN_TCP"
188.241.177.154,"OPENVPN, WIREGUARD, IPSEC, OPENVPN_TCP"
188.241.177.124,"OPENVPN, WIREGUARD, IPSEC, OPENVPN_TCP"
95.181.238.172,"OPENVPN, WIREGUARD, IPSEC, OPENVPN_TCP"
95.181.238.190,"OPENVPN, WIREGUARD, IPSEC, OPENVPN_TCP"
45.132.194.5,"OPENVPN, WIREGUARD, IPSEC, OPENVPN_TCP"
45.132.194.22,"OPENVPN, WIREGUARD, IPSEC, OPENVPN_TCP"
45.132.194.53,"OPENVPN, WIREGUARD, IPSEC, OPENVPN_TCP"
5.181.233.71,"OPENVPN, WIREGUARD, IPSEC, OPENVPN_TCP"
66.56.82.4,"OPENVPN, WIREGUARD, IPSEC, OPENVPN_TCP"
181.214.153.34,"OPENVPN, WIREGUARD, IPSEC, OPENVPN_TCP"
84.247.105.120,"OPENVPN, WIREGUARD, IPSEC, OPENVPN_TCP"
84.247.105.66,"OPENVPN, WIREGUARD, IPSEC, OPENVPN_TCP"
179.61.197.141,"OPENVPN, WIREGUARD, IPSEC, OPENVPN_TCP"
84.17.52.68,"OPENVPN, WIREGUARD, IPSEC, OPENVPN_TCP"
102.129.143.98,"OPENVPN, WIREGUARD, IPSEC, OPENVPN_TCP"
102.129.143.37,"OPENVPN, WIREGUARD, IPSEC, OPENVPN_TCP"
84.17.52.54,"OPENVPN, WIREGUARD, IPSEC, OPENVPN_TCP, OPENVPN_LEGACY, OPENVPN_TCP_LEGACY"
146.70.11.8,"OPENVPN, WIREGUARD, IPSEC, OPENVPN_TCP"
146.70.11.65,"OPENVPN, WIREGUARD, IPSEC, OPENVPN_TCP"
188.241.80.135,"OPENVPN, WIREGUARD, IPSEC, OPENVPN_TCP"
154.47.16.139,"OPENVPN, WIREGUARD, IPSEC, OPENVPN_TCP"
154.47.16.237,"OPENVPN, WIREGUARD, IPSEC, OPENVPN_TCP"
146.70.10.49,"OPENVPN, WIREGUARD, IPSEC, OPENVPN_TCP"
146.70.10.7,"OPENVPN, WIREGUARD, IPSEC, OPENVPN_TCP"
185.253.162.134,"OPENVPN, WIREGUARD, IPSEC, OPENVPN_TCP"
185.253.162.150,"OPENVPN, WIREGUARD, IPSEC, OPENVPN_TCP"
138.199.56.236,"OPENVPN, WIREGUARD, IPSEC, OPENVPN_TCP"
195.181.161.20,"OPENVPN, WIREGUARD, IPSEC, OPENVPN_TCP"
158.173.154.18,"OPENVPN, WIREGUARD, IPSEC, OPENVPN_TCP"
158.173.154.134,"OPENVPN, WIREGUARD, IPSEC, OPENVPN_TCP"
158.173.156.215,"OPENVPN, WIREGUARD, IPSEC, OPENVPN_TCP"
158.173.154.98,"OPENVPN, WIREGUARD, IPSEC, OPENVPN_TCP"
181.214.173.241,"OPENVPN, WIREGUARD, IPSEC, OPENVPN_TCP"
216.24.213.97,"OPENVPN, WIREGUARD, IPSEC, OPENVPN_TCP"
158.173.156.192,"OPENVPN, WIREGUARD, IPSEC, OPENVPN_TCP"
158.173.155.213,"OPENVPN, WIREGUARD, IPSEC, OPENVPN_TCP, OPENVPN_LEGACY, OPENVPN_TCP_LEGACY"
158.173.155.235,"OPENVPN, WIREGUARD, IPSEC, OPENVPN_TCP"
158.173.156.34,"OPENVPN, WIREGUARD, IPSEC, OPENVPN_TCP"
188.126.94.198,"OPENVPN, WIREGUARD, IPSEC, OPENVPN_TCP"
188.126.94.241,"OPENVPN, WIREGUARD, IPSEC, OPENVPN_TCP"
173.244.32.9,"OPENVPN, WIREGUARD, IPSEC, OPENVPN_TCP"
176.125.228.144,"OPENVPN, WIREGUARD, IPSEC, OPENVPN_TCP"
176.125.228.164,"OPENVPN, WIREGUARD, IPSEC, OPENVPN_TCP"
176.125.228.154,"OPENVPN, WIREGUARD, IPSEC, OPENVPN_TCP"
173.239.220.17,"OPENVPN, WIREGUARD, IPSEC, OPENVPN_TCP"
165.231.182.136,"OPENVPN, WIREGUARD, IPSEC, OPENVPN_TCP"
165.231.182.151,"OPENVPN, WIREGUARD, IPSEC, OPENVPN_TCP"
188.214.122.69,"OPENVPN, WIREGUARD, IPSEC, OPENVPN_TCP"
188.214.122.60,"OPENVPN, WIREGUARD, IPSEC, OPENVPN_TCP"
185.93.3.106,"OPENVPN, WIREGUARD, IPSEC, OPENVPN_TCP"
45.134.213.177,"OPENVPN, WIREGUARD, IPSEC, OPENVPN_TCP"
37.120.142.164,"OPENVPN, WIREGUARD, IPSEC, OPENVPN_TCP"
185.253.99.206,"OPENVPN, WIREGUARD, IPSEC, OPENVPN_TCP"
82.102.26.219,"OPENVPN, WIREGUARD, IPSEC, OPENVPN_TCP"
146.70.22.74,"OPENVPN, WIREGUARD, IPSEC, OPENVPN_TCP"
37.120.142.37,"OPENVPN, WIREGUARD, IPSEC, OPENVPN_TCP"
196.245.54.3,"OPENVPN, WIREGUARD, IPSEC, OPENVPN_TCP"
146.70.22.42,"OPENVPN, WIREGUARD, IPSEC, OPENVPN_TCP"
196.245.54.37,"OPENVPN, WIREGUARD, IPSEC, OPENVPN_TCP"
212.112.19.83,"OPENVPN, WIREGUARD, IPSEC, OPENVPN_TCP"
188.126.88.10,"OPENVPN, WIREGUARD, IPSEC, OPENVPN_TCP"
158.173.158.24,"OPENVPN, WIREGUARD, IPSEC, OPENVPN_TCP"
158.173.157.118,"OPENVPN, WIREGUARD, IPSEC, OPENVPN_TCP"
158.173.157.89,"OPENVPN, WIREGUARD, IPSEC, OPENVPN_TCP"
158.173.158.114,"OPENVPN, WIREGUARD, IPSEC, OPENVPN_TCP"
203.188.183.100,"OPENVPN, WIREGUARD, IPSEC, OPENVPN_TCP"
158.173.157.15,"OPENVPN, WIREGUARD, IPSEC, OPENVPN_TCP"
158.173.157.65,"OPENVPN, WIREGUARD, IPSEC, OPENVPN_TCP"
203.188.183.14,"OPENVPN, WIREGUARD, IPSEC, OPENVPN_TCP"
191.101.217.167,"OPENVPN, WIREGUARD, IPSEC, OPENVPN_TCP"
191.101.31.172,"OPENVPN, WIREGUARD, IPSEC, OPENVPN_TCP"
203.188.182.40,"OPENVPN, WIREGUARD, IPSEC, OPENVPN_TCP"
203.188.182.85,"OPENVPN, WIREGUARD, IPSEC, OPENVPN_TCP"
45.133.173.61,"OPENVPN, WIREGUARD, IPSEC, OPENVPN_TCP"
191.101.209.143,"OPENVPN, WIREGUARD, IPSEC, OPENVPN_TCP"
45.133.173.52,"OPENVPN, WIREGUARD, IPSEC, OPENVPN_TCP"
45.133.173.111,"OPENVPN, WIREGUARD, IPSEC, OPENVPN_TCP"
138.199.63.72,"OPENVPN, WIREGUARD, IPSEC, OPENVPN_TCP"
45.133.172.139,"OPENVPN, WIREGUARD, IPSEC, OPENVPN_TCP"
203.188.182.9,"OPENVPN, WIREGUARD, IPSEC, OPENVPN_TCP"
45.133.172.121,"OPENVPN, WIREGUARD, IPSEC, OPENVPN_TCP"
95.181.236.131,"OPENVPN, WIREGUARD, IPSEC, OPENVPN_TCP"
95.181.236.149,"OPENVPN, WIREGUARD, IPSEC, OPENVPN_TCP"
91.90.120.3,"OPENVPN, WIREGUARD, IPSEC, OPENVPN_TCP"
91.90.120.28,"OPENVPN, WIREGUARD, IPSEC, OPENVPN_TCP"
79.127.175.116,"OPENVPN, WIREGUARD, IPSEC, OPENVPN_TCP"
79.127.175.9,"OPENVPN, WIREGUARD, IPSEC, OPENVPN_TCP"
173.239.205.9,"OPENVPN, WIREGUARD, IPSEC, OPENVPN_TCP"
84.17.56.177,"OPENVPN, WIREGUARD, IPSEC, OPENVPN_TCP"
84.17.56.147,"OPENVPN, WIREGUARD, IPSEC, OPENVPN_TCP"
84.17.56.48,"OPENVPN, WIREGUARD, IPSEC, OPENVPN_TCP"
154.47.29.227,"OPENVPN, WIREGUARD, IPSEC, OPENVPN_TCP"
154.47.29.203,"OPENVPN, WIREGUARD, IPSEC, OPENVPN_TCP"
86.106.74.246,"OPENVPN, WIREGUARD, IPSEC, OPENVPN_TCP"
185.189.114.115,"OPENVPN, WIREGUARD, IPSEC, OPENVPN_TCP"
173.239.201.141,"OPENVPN, WIREGUARD, IPSEC, OPENVPN_TCP"
149.34.243.90,"OPENVPN, WIREGUARD, IPSEC, OPENVPN_TCP"
149.34.242.240,"OPENVPN, WIREGUARD, IPSEC, OPENVPN_TCP"
155.2.195.34,"OPENVPN, WIREGUARD, IPSEC, OPENVPN_TCP"
149.88.26.84,"OPENVPN, WIREGUARD, IPSEC, OPENVPN_TCP"
149.88.26.40,"OPENVPN, WIREGUARD, IPSEC, OPENVPN_TCP"
91.90.124.133,"OPENVPN, WIREGUARD, IPSEC, OPENVPN_TCP"
91.90.124.156,"OPENVPN, WIREGUARD, IPSEC, OPENVPN_TCP"
103.108.174.167,"OPENVPN, WIREGUARD, IPSEC, OPENVPN_TCP"
62.133.46.7,"OPENVPN, WIREGUARD, IPSEC, OPENVPN_TCP"
62.133.46.26,"OPENVPN, WIREGUARD, IPSEC, OPENVPN_TCP"
45.133.193.7,"OPENVPN, WIREGUARD, IPSEC, OPENVPN_TCP"
45.133.193.29,"OPENVPN, WIREGUARD, IPSEC, OPENVPN_TCP"
212.102.55.103,"OPENVPN, WIREGUARD, IPSEC, OPENVPN_TCP"
138.199.54.12,"OPENVPN, WIREGUARD, IPSEC, OPENVPN_TCP"
84.17.58.60,"OPENVPN, WIREGUARD, IPSEC, OPENVPN_TCP"
84.17.58.5,"OPENVPN, WIREGUARD, IPSEC, OPENVPN_TCP"
87.101.94.71,"OPENVPN, WIREGUARD, IPSEC, OPENVPN_TCP"
87.101.94.120,"OPENVPN, WIREGUARD, IPSEC, OPENVPN_TCP"
185.217.71.27,"OPENVPN, WIREGUARD, IPSEC, OPENVPN_TCP"
185.217.71.140,"OPENVPN, WIREGUARD, IPSEC, OPENVPN_TCP"
185.217.71.152,"OPENVPN, WIREGUARD, IPSEC, OPENVPN_TCP, OPENVPN_LEGACY, OPENVPN_TCP_LEGACY"
154.47.23.1,"OPENVPN, WIREGUARD, IPSEC, OPENVPN_TCP"
154.47.20.233,"OPENVPN, WIREGUARD, IPSEC, OPENVPN_TCP"
62.12.118.199,"OPENVPN, WIREGUARD, IPSEC, OPENVPN_TCP"
188.215.235.48,"OPENVPN, WIREGUARD, IPSEC, OPENVPN_TCP"
188.215.235.45,"OPENVPN, WIREGUARD, IPSEC, OPENVPN_TCP"
173.244.42.150,"OPENVPN, WIREGUARD, IPSEC, OPENVPN_TCP"
62.133.47.151,"OPENVPN, WIREGUARD, IPSEC, OPENVPN_TCP"
62.133.47.136,"OPENVPN, WIREGUARD, IPSEC, OPENVPN_TCP"
64.64.98.9,"OPENVPN, WIREGUARD, IPSEC, OPENVPN_TCP"
91.90.122.133,"OPENVPN, WIREGUARD, IPSEC, OPENVPN_TCP"
91.90.122.155,"OPENVPN, WIREGUARD, IPSEC, OPENVPN_TCP"
98.159.40.15,"OPENVPN, WIREGUARD, IPSEC, OPENVPN_TCP"
95.181.239.144,"OPENVPN, WIREGUARD, IPSEC, OPENVPN_TCP"
194.32.122.25,"OPENVPN, WIREGUARD, IPSEC, OPENVPN_TCP"
194.32.122.14,"OPENVPN, WIREGUARD, IPSEC, OPENVPN_TCP"
37.46.113.234,"OPENVPN, WIREGUARD, IPSEC, OPENVPN_TCP"
196.196.53.38,"OPENVPN, WIREGUARD, IPSEC, OPENVPN_TCP"
196.196.53.122,"OPENVPN, WIREGUARD, IPSEC, OPENVPN_TCP"
196.196.53.30,"OPENVPN, WIREGUARD, IPSEC, OPENVPN_TCP"
95.181.232.26,"OPENVPN, WIREGUARD, IPSEC, OPENVPN_TCP"
95.181.232.137,"OPENVPN, WIREGUARD, IPSEC, OPENVPN_TCP"
95.181.233.164,"OPENVPN, WIREGUARD, IPSEC, OPENVPN_TCP"
95.181.233.139,"OPENVPN, WIREGUARD, IPSEC, OPENVPN_TCP"
95.181.233.152,"OPENVPN, WIREGUARD, IPSEC, OPENVPN_TCP"
178.175.130.253,"OPENVPN, WIREGUARD, IPSEC, OPENVPN_TCP"
178.175.132.162,"OPENVPN, WIREGUARD, IPSEC, OPENVPN_TCP"
176.125.229.137,"OPENVPN, WIREGUARD, IPSEC, OPENVPN_TCP"
185.225.28.8,"OPENVPN, WIREGUARD, IPSEC, OPENVPN_TCP"
98.159.41.14,"OPENVPN, WIREGUARD, IPSEC, OPENVPN_TCP"
173.244.58.10,"OPENVPN, WIREGUARD, IPSEC, OPENVPN_TCP"
84.252.92.131,"OPENVPN, WIREGUARD, IPSEC, OPENVPN_TCP"
176.125.230.140,"OPENVPN, WIREGUARD, IPSEC, OPENVPN_TCP"
176.125.230.149,"OPENVPN, WIREGUARD, IPSEC, OPENVPN_TCP"
77.81.142.214,"OPENVPN, WIREGUARD, IPSEC, OPENVPN_TCP"
77.81.142.222,"OPENVPN, WIREGUARD, IPSEC, OPENVPN_TCP"
77.81.142.147,"OPENVPN, WIREGUARD, IPSEC, OPENVPN_TCP"
77.81.142.130,"OPENVPN, WIREGUARD, IPSEC, OPENVPN_TCP"
173.239.200.141,"OPENVPN, WIREGUARD, IPSEC, OPENVPN_TCP"
146.70.15.3,"OPENVPN, WIREGUARD, IPSEC, OPENVPN_TCP"
146.70.65.7,"OPENVPN, WIREGUARD, IPSEC, OPENVPN_TCP"
146.70.65.17,"OPENVPN, WIREGUARD, IPSEC, OPENVPN_TCP"
84.17.47.98,"OPENVPN, WIREGUARD, IPSEC, OPENVPN_TCP"
191.96.168.116,"OPENVPN, WIREGUARD, IPSEC, OPENVPN_TCP"
195.78.54.7,"OPENVPN, WIREGUARD, IPSEC, OPENVPN_TCP"
191.96.168.11,"OPENVPN, WIREGUARD, IPSEC, OPENVPN_TCP"
195.78.54.133,"OPENVPN, WIREGUARD, IPSEC, OPENVPN_TCP"
181.214.206.15,"OPENVPN, WIREGUARD, IPSEC, OPENVPN_TCP"
185.253.97.247,"OPENVPN, WIREGUARD, IPSEC, OPENVPN_TCP"
185.253.97.238,"OPENVPN, WIREGUARD, IPSEC, OPENVPN_TCP, OPENVPN_LEGACY, OPENVPN_TCP_LEGACY"
173.244.33.13,"OPENVPN, WIREGUARD, IPSEC, OPENVPN_TCP"
43.250.207.99,"OPENVPN, WIREGUARD, IPSEC, OPENVPN_TCP"
91.90.126.149,"OPENVPN, WIREGUARD, IPSEC, OPENVPN_TCP"
91.90.126.145,"OPENVPN, WIREGUARD, IPSEC, OPENVPN_TCP"
45.154.155.30,"OPENVPN, WIREGUARD, IPSEC, OPENVPN_TCP"
188.214.125.72,"OPENVPN, WIREGUARD, IPSEC, OPENVPN_TCP"
188.214.125.49,"OPENVPN, WIREGUARD, IPSEC, OPENVPN_TCP"
146.70.12.7,"OPENVPN, WIREGUARD, IPSEC, OPENVPN_TCP"
45.134.212.206,"OPENVPN, WIREGUARD, IPSEC, OPENVPN_TCP"
138.199.59.160,"OPENVPN, WIREGUARD, IPSEC, OPENVPN_TCP"
138.199.59.134,"OPENVPN, WIREGUARD, IPSEC, OPENVPN_TCP"
146.70.59.144,"OPENVPN, WIREGUARD, IPSEC, OPENVPN_TCP"
146.70.59.157,"OPENVPN, WIREGUARD, IPSEC, OPENVPN_TCP"
95.181.234.143,"OPENVPN, WIREGUARD, IPSEC, OPENVPN_TCP"
84.239.14.185,"OPENVPN, WIREGUARD, IPSEC, OPENVPN_TCP"
143.244.52.75,"OPENVPN, WIREGUARD, IPSEC, OPENVPN_TCP"
84.239.14.133,"OPENVPN, WIREGUARD, IPSEC, OPENVPN_TCP"
84.239.49.15,"OPENVPN, WIREGUARD, IPSEC, OPENVPN_TCP"
193.176.85.114,"OPENVPN, WIREGUARD, IPSEC, OPENVPN_TCP"
37.46.115.53,"OPENVPN, WIREGUARD, IPSEC, OPENVPN_TCP"
146.70.52.119,"OPENVPN, WIREGUARD, IPSEC, OPENVPN_TCP"
146.70.52.100,"OPENVPN, WIREGUARD, IPSEC, OPENVPN_TCP"
146.70.52.45,"OPENVPN, WIREGUARD, IPSEC, OPENVPN_TCP"
146.70.52.245,"OPENVPN, WIREGUARD, IPSEC, OPENVPN_TCP"
146.70.52.211,"OPENVPN, WIREGUARD, IPSEC, OPENVPN_TCP"
146.70.52.206,"OPENVPN, WIREGUARD, IPSEC, OPENVPN_TCP"
146.70.52.202,"OPENVPN, WIREGUARD, IPSEC, OPENVPN_TCP"
146.70.52.230,"OPENVPN, WIREGUARD, IPSEC, OPENVPN_TCP"
95.181.235.136,"OPENVPN, WIREGUARD, IPSEC, OPENVPN_TCP"
212.112.19.10,"OPENVPN, WIREGUARD, IPSEC, OPENVPN_TCP"
188.126.79.21,"OPENVPN, WIREGUARD, IPSEC, OPENVPN_TCP"
46.246.8.170,"OPENVPN, WIREGUARD, IPSEC, OPENVPN_TCP"
89.187.162.179,"OPENVPN, WIREGUARD, IPSEC, OPENVPN_TCP"
195.80.150.212,"OPENVPN, WIREGUARD, IPSEC, OPENVPN_TCP"
149.102.232.103,"OPENVPN, WIREGUARD, IPSEC, OPENVPN_TCP"
149.102.232.84,"OPENVPN, WIREGUARD, IPSEC, OPENVPN_TCP"
173.239.201.14,"OPENVPN, WIREGUARD, IPSEC, OPENVPN_TCP"
188.213.34.4,"OPENVPN, WIREGUARD, IPSEC, OPENVPN_TCP"
188.213.34.44,"OPENVPN, WIREGUARD, IPSEC, OPENVPN_TCP"
173.244.49.39,"OPENVPN, WIREGUARD, IPSEC, OPENVPN_TCP"
173.244.49.7,"OPENVPN, WIREGUARD, IPSEC, OPENVPN_TCP"
84.239.42.153,"OPENVPN, WIREGUARD, IPSEC, OPENVPN_TCP"
185.152.66.235,"OPENVPN, WIREGUARD, IPSEC, OPENVPN_TCP"
173.244.56.182,"OPENVPN, WIREGUARD, IPSEC, OPENVPN_TCP"
102.129.145.75,"OPENVPN, WIREGUARD, IPSEC, OPENVPN_TCP"
212.102.41.19,"OPENVPN, WIREGUARD, IPSEC, OPENVPN_TCP"
84.17.45.110,"OPENVPN, WIREGUARD, IPSEC, OPENVPN_TCP"
156.146.51.196,"OPENVPN, WIREGUARD, IPSEC, OPENVPN_TCP"
154.16.105.29,"OPENVPN, WIREGUARD, IPSEC, OPENVPN_TCP"
212.32.50.90,"OPENVPN, WIREGUARD, IPSEC, OPENVPN_TCP"
156.146.49.181,"OPENVPN, WIREGUARD, IPSEC, OPENVPN_TCP"
102.129.252.163,"OPENVPN, WIREGUARD, IPSEC, OPENVPN_TCP"
45.84.102.11,"OPENVPN, WIREGUARD, IPSEC, OPENVPN_TCP"
95.181.237.143,"OPENVPN, WIREGUARD, IPSEC, OPENVPN_TCP"
173.239.247.45,"OPENVPN, WIREGUARD, IPSEC, OPENVPN_TCP"
173.239.247.20,"OPENVPN, WIREGUARD, IPSEC, OPENVPN_TCP"
154.47.30.28,"OPENVPN, WIREGUARD, IPSEC, OPENVPN_TCP"
173.239.217.50,"OPENVPN, WIREGUARD, IPSEC, OPENVPN_TCP"
173.239.217.40,"OPENVPN, WIREGUARD, IPSEC, OPENVPN_TCP"
217.138.193.189,"OPENVPN, WIREGUARD, IPSEC, OPENVPN_TCP"
31.171.155.13,"OPENVPN, WIREGUARD, IPSEC, OPENVPN_TCP"
31.171.152.139,"OPENVPN, WIREGUARD, IPSEC, OPENVPN_TCP"
31.171.152.109,"OPENVPN, WIREGUARD, IPSEC, OPENVPN_TCP"
185.253.160.148,"OPENVPN, WIREGUARD, IPSEC, OPENVPN_TCP"
185.253.160.135,"OPENVPN, WIREGUARD, IPSEC, OPENVPN_TCP"
146.70.38.72,"OPENVPN, WIREGUARD, IPSEC, OPENVPN_TCP"
146.70.39.134,"OPENVPN, WIREGUARD, IPSEC, OPENVPN_TCP"
146.70.39.5,"OPENVPN, WIREGUARD, IPSEC, OPENVPN_TCP"
37.19.223.109,"OPENVPN, WIREGUARD, IPSEC, OPENVPN_TCP"
37.19.223.122,"OPENVPN, WIREGUARD, IPSEC, OPENVPN_TCP"
37.19.223.206,"OPENVPN, WIREGUARD, IPSEC, OPENVPN_TCP"
37.19.223.27,"OPENVPN, WIREGUARD, IPSEC, OPENVPN_TCP"
37.19.223.236,"OPENVPN, WIREGUARD, IPSEC, OPENVPN_TCP"
173.239.250.103,"OPENVPN, WIREGUARD, IPSEC, OPENVPN_TCP"
173.239.250.27,"OPENVPN, WIREGUARD, IPSEC, OPENVPN_TCP"
173.239.250.83,"OPENVPN, WIREGUARD, IPSEC, OPENVPN_TCP"
173.239.250.75,"OPENVPN, WIREGUARD, IPSEC, OPENVPN_TCP"
45.130.141.50,"OPENVPN, WIREGUARD, IPSEC, OPENVPN_TCP"
45.130.141.92,"OPENVPN, WIREGUARD, IPSEC, OPENVPN_TCP"
223.252.16.131,"OPENVPN, WIREGUARD, IPSEC, OPENVPN_TCP"
98.159.36.20,"OPENVPN, WIREGUARD, IPSEC, OPENVPN_TCP"
98.159.36.9,"OPENVPN, WIREGUARD, IPSEC, OPENVPN_TCP"
64.64.112.29,"OPENVPN, WIREGUARD, IPSEC, OPENVPN_TCP"
98.159.40.157,"OPENVPN, WIREGUARD, IPSEC, OPENVPN_TCP"
181.214.218.208,"OPENVPN, WIREGUARD, IPSEC, OPENVPN_TCP"
181.214.218.126,"OPENVPN, WIREGUARD, IPSEC, OPENVPN_TCP"
181.214.218.119,"OPENVPN, WIREGUARD, IPSEC, OPENVPN_TCP"
181.214.218.187,"OPENVPN, WIREGUARD, IPSEC, OPENVPN_TCP"
181.214.218.237,"OPENVPN, WIREGUARD, IPSEC, OPENVPN_TCP"
181.214.218.254,"OPENVPN, WIREGUARD, IPSEC, OPENVPN_TCP"
181.214.218.176,"OPENVPN, WIREGUARD, IPSEC, OPENVPN_TCP"
181.214.218.160,"OPENVPN, WIREGUARD, IPSEC, OPENVPN_TCP"
181.214.218.86,"OPENVPN, WIREGUARD, IPSEC, OPENVPN_TCP"
181.214.218.137,"OPENVPN, WIREGUARD, IPSEC, OPENVPN_TCP"
156.146.55.186,"OPENVPN, WIREGUARD, IPSEC, OPENVPN_TCP"
45.154.153.30,"OPENVPN, WIREGUARD, IPSEC, OPENVPN_TCP"
188.241.177.140,"OPENVPN, WIREGUARD, IPSEC, OPENVPN_TCP"
188.241.177.41,"OPENVPN, WIREGUARD, IPSEC, OPENVPN_TCP"
188.241.177.154,"OPENVPN, WIREGUARD, IPSEC, OPENVPN_TCP"
188.241.177.119,"OPENVPN, WIREGUARD, IPSEC, OPENVPN_TCP"
95.181.238.172,"OPENVPN, WIREGUARD, IPSEC, OPENVPN_TCP"
95.181.238.181,"OPENVPN, WIREGUARD, IPSEC, OPENVPN_TCP"
45.132.194.7,"OPENVPN, WIREGUARD, IPSEC, OPENVPN_TCP"
45.132.194.25,"OPENVPN, WIREGUARD, IPSEC, OPENVPN_TCP"
45.132.194.62,"OPENVPN, WIREGUARD, IPSEC, OPENVPN_TCP"
5.181.233.82,"OPENVPN, WIREGUARD, IPSEC, OPENVPN_TCP"
66.56.82.17,"OPENVPN, WIREGUARD, IPSEC, OPENVPN_TCP"
181.214.153.32,"OPENVPN, WIREGUARD, IPSEC, OPENVPN_TCP"
84.247.105.143,"OPENVPN, WIREGUARD, IPSEC, OPENVPN_TCP"
84.247.105.58,"OPENVPN, WIREGUARD, IPSEC, OPENVPN_TCP"
179.61.197.149,"OPENVPN, WIREGUARD, IPSEC, OPENVPN_TCP"
84.17.52.66,"OPENVPN, WIREGUARD, IPSEC, OPENVPN_TCP"
102.129.143.86,"OPENVPN, WIREGUARD, IPSEC, OPENVPN_TCP"
84.17.52.54,"OPENVPN, WIREGUARD, IPSEC, OPENVPN_TCP, OPENVPN_LEGACY, OPENVPN_TCP_LEGACY"
102.129.143.43,"OPENVPN, WIREGUARD, IPSEC, OPENVPN_TCP"
146.70.11.5,"OPENVPN, WIREGUARD, IPSEC, OPENVPN_TCP"
146.70.11.58,"OPENVPN, WIREGUARD, IPSEC, OPENVPN_TCP"
188.241.80.132,"OPENVPN, WIREGUARD, IPSEC, OPENVPN_TCP"
154.47.16.149,"OPENVPN, WIREGUARD, IPSEC, OPENVPN_TCP"
154.47.16.239,"OPENVPN, WIREGUARD, IPSEC, OPENVPN_TCP"
146.70.10.13,"OPENVPN, WIREGUARD, IPSEC, OPENVPN_TCP"
146.70.10.44,"OPENVPN, WIREGUARD, IPSEC, OPENVPN_TCP"
185.253.162.155,"OPENVPN, WIREGUARD, IPSEC, OPENVPN_TCP"
185.253.162.142,"OPENVPN, WIREGUARD, IPSEC, OPENVPN_TCP"
138.199.56.245,"OPENVPN, WIREGUARD, IPSEC, OPENVPN_TCP"
195.181.161.8,"OPENVPN, WIREGUARD, IPSEC, OPENVPN_TCP"
158.173.154.22,"OPENVPN, WIREGUARD, IPSEC, OPENVPN_TCP"
158.173.156.129,"OPENVPN, WIREGUARD, IPSEC, OPENVPN_TCP"
158.173.155.48,"OPENVPN, WIREGUARD, IPSEC, OPENVPN_TCP"
83.136.82.84,"OPENVPN, WIREGUARD, IPSEC, OPENVPN_TCP"
89.163.154.147,"OPENVPN, WIREGUARD, IPSEC, OPENVPN_TCP"
181.214.173.224,"OPENVPN, WIREGUARD, IPSEC, OPENVPN_TCP"
158.173.156.68,"OPENVPN, WIREGUARD, IPSEC, OPENVPN_TCP"
216.24.213.194,"OPENVPN, WIREGUARD, IPSEC, OPENVPN_TCP"
158.173.154.118,"OPENVPN, WIREGUARD, IPSEC, OPENVPN_TCP"
216.24.213.234,"OPENVPN, WIREGUARD, IPSEC, OPENVPN_TCP"
188.126.94.197,"OPENVPN, WIREGUARD, IPSEC, OPENVPN_TCP"
188.126.94.253,"OPENVPN, WIREGUARD, IPSEC, OPENVPN_TCP"
173.244.32.6,"OPENVPN, WIREGUARD, IPSEC, OPENVPN_TCP"
176.125.228.133,"OPENVPN, WIREGUARD, IPSEC, OPENVPN_TCP"
176.125.228.162,"OPENVPN, WIREGUARD, IPSEC, OPENVPN_TCP"
176.125.228.155,"OPENVPN, WIREGUARD, IPSEC, OPENVPN_TCP"
173.239.220.25,"OPENVPN, WIREGUARD, IPSEC, OPENVPN_TCP"
165.231.182.136,"OPENVPN, WIREGUARD, IPSEC, OPENVPN_TCP"
165.231.182.151,"OPENVPN, WIREGUARD, IPSEC, OPENVPN_TCP"
188.214.122.74,"OPENVPN, WIREGUARD, IPSEC, OPENVPN_TCP"
188.214.122.57,"OPENVPN, WIREGUARD, IPSEC, OPENVPN_TCP"
45.134.213.183,"OPENVPN, WIREGUARD, IPSEC, OPENVPN_TCP"
185.93.3.106,"OPENVPN, WIREGUARD, IPSEC, OPENVPN_TCP"
37.120.142.168,"OPENVPN, WIREGUARD, IPSEC, OPENVPN_TCP"
82.102.26.212,"OPENVPN, WIREGUARD, IPSEC, OPENVPN_TCP"
146.70.22.68,"OPENVPN, WIREGUARD, IPSEC, OPENVPN_TCP"
185.253.99.204,"OPENVPN, WIREGUARD, IPSEC, OPENVPN_TCP"
37.120.142.40,"OPENVPN, WIREGUARD, IPSEC, OPENVPN_TCP"
146.70.22.41,"OPENVPN, WIREGUARD, IPSEC, OPENVPN_TCP"
37.120.142.60,"OPENVPN, WIREGUARD, IPSEC, OPENVPN_TCP"
196.245.54.11,"OPENVPN, WIREGUARD, IPSEC, OPENVPN_TCP"
212.112.19.91,"OPENVPN, WIREGUARD, IPSEC, OPENVPN_TCP"
188.126.88.4,"OPENVPN, WIREGUARD, IPSEC, OPENVPN_TCP"
158.173.157.74,"OPENVPN, WIREGUARD, IPSEC, OPENVPN_TCP"
158.173.158.10,"OPENVPN, WIREGUARD, IPSEC, OPENVPN_TCP"
158.173.157.49,"OPENVPN, WIREGUARD, IPSEC, OPENVPN_TCP"
203.188.183.144,"OPENVPN, WIREGUARD, IPSEC, OPENVPN_TCP"
191.101.217.112,"OPENVPN, WIREGUARD, IPSEC, OPENVPN_TCP"
158.173.158.102,"OPENVPN, WIREGUARD, IPSEC, OPENVPN_TCP"
158.173.157.109,"OPENVPN, WIREGUARD, IPSEC, OPENVPN_TCP"
203.188.183.31,"OPENVPN, WIREGUARD, IPSEC, OPENVPN_TCP"
158.173.157.12,"OPENVPN, WIREGUARD, IPSEC, OPENVPN_TCP"
191.101.31.85,"OPENVPN, WIREGUARD, IPSEC, OPENVPN_TCP"
203.188.182.58,"OPENVPN, WIREGUARD, IPSEC, OPENVPN_TCP"
203.188.182.83,"OPENVPN, WIREGUARD, IPSEC, OPENVPN_TCP"
84.17.51.15,"OPENVPN, WIREGUARD, IPSEC, OPENVPN_TCP"
45.133.173.82,"OPENVPN, WIREGUARD, IPSEC, OPENVPN_TCP"
45.133.173.54,"OPENVPN, WIREGUARD, IPSEC, OPENVPN_TCP"
146.70.121.201,"OPENVPN, WIREGUARD, IPSEC, OPENVPN_TCP"
45.133.173.128,"OPENVPN, WIREGUARD, IPSEC, OPENVPN_TCP"
45.133.172.143,"OPENVPN, WIREGUARD, IPSEC, OPENVPN_TCP"
141.98.100.205,"OPENVPN, WIREGUARD, IPSEC, OPENVPN_TCP"
138.199.63.75,"OPENVPN, WIREGUARD, IPSEC, OPENVPN_TCP"
95.181.236.137,"OPENVPN, WIREGUARD, IPSEC, OPENVPN_TCP"
95.181.236.150,"OPENVPN, WIREGUARD, IPSEC, OPENVPN_TCP"
91.90.120.29,"OPENVPN, WIREGUARD, IPSEC, OPENVPN_TCP"
91.90.120.8,"OPENVPN, WIREGUARD, IPSEC, OPENVPN_TCP"
79.127.175.34,"OPENVPN, WIREGUARD, IPSEC, OPENVPN_TCP"
79.127.175.83,"OPENVPN, WIREGUARD, IPSEC, OPENVPN_TCP"
173.239.205.9,"OPENVPN, WIREGUARD, IPSEC, OPENVPN_TCP"
84.17.56.168,"OPENVPN, WIREGUARD, IPSEC, OPENVPN_TCP"
84.17.56.152,"OPENVPN, WIREGUARD, IPSEC, OPENVPN_TCP"
84.17.56.49,"OPENVPN, WIREGUARD, IPSEC, OPENVPN_TCP"
154.47.29.245,"OPENVPN, WIREGUARD, IPSEC, OPENVPN_TCP"
154.47.29.209,"OPENVPN, WIREGUARD, IPSEC, OPENVPN_TCP"
86.106.74.250,"OPENVPN, WIREGUARD, IPSEC, OPENVPN_TCP"
185.189.114.115,"OPENVPN, WIREGUARD, IPSEC, OPENVPN_TCP"
173.239.201.130,"OPENVPN, WIREGUARD, IPSEC, OPENVPN_TCP"
149.34.243.74,"OPENVPN, WIREGUARD, IPSEC, OPENVPN_TCP"
149.34.242.235,"OPENVPN, WIREGUARD, IPSEC, OPENVPN_TCP"
155.2.195.51,"OPENVPN, WIREGUARD, IPSEC, OPENVPN_TCP"
149.88.26.58,"OPENVPN, WIREGUARD, IPSEC, OPENVPN_TCP"
149.88.26.22,"OPENVPN, WIREGUARD, IPSEC, OPENVPN_TCP"
91.90.124.137,"OPENVPN, WIREGUARD, IPSEC, OPENVPN_TCP"
91.90.124.147,"OPENVPN, WIREGUARD, IPSEC, OPENVPN_TCP"
103.108.174.170,"OPENVPN, WIREGUARD, IPSEC, OPENVPN_TCP"
62.133.46.15,"OPENVPN, WIREGUARD, IPSEC, OPENVPN_TCP"
62.133.46.22,"OPENVPN, WIREGUARD, IPSEC, OPENVPN_TCP"
45.133.193.6,"OPENVPN, WIREGUARD, IPSEC, OPENVPN_TCP"
45.133.193.24,"OPENVPN, WIREGUARD, IPSEC, OPENVPN_TCP"
212.102.55.115,"OPENVPN, WIREGUARD, IPSEC, OPENVPN_TCP"
84.17.58.58,"OPENVPN, WIREGUARD, IPSEC, OPENVPN_TCP"
138.199.54.2,"OPENVPN, WIREGUARD, IPSEC, OPENVPN_TCP"
84.17.58.10,"OPENVPN, WIREGUARD, IPSEC, OPENVPN_TCP"
87.101.94.119,"OPENVPN, WIREGUARD, IPSEC, OPENVPN_TCP"
87.101.94.69,"OPENVPN, WIREGUARD, IPSEC, OPENVPN_TCP"
185.217.71.136,"OPENVPN, WIREGUARD, IPSEC, OPENVPN_TCP"
185.217.71.23,"OPENVPN, WIREGUARD, IPSEC, OPENVPN_TCP"
185.217.71.152,"OPENVPN, WIREGUARD, IPSEC, OPENVPN_TCP, OPENVPN_LEGACY, OPENVPN_TCP_LEGACY"
138.199.39.162,"OPENVPN, WIREGUARD, IPSEC, OPENVPN_TCP"
154.47.20.232,"OPENVPN, WIREGUARD, IPSEC, OPENVPN_TCP"
62.12.118.203,"OPENVPN, WIREGUARD, IPSEC, OPENVPN_TCP"
188.215.235.50,"OPENVPN, WIREGUARD, IPSEC, OPENVPN_TCP"
188.215.235.40,"OPENVPN, WIREGUARD, IPSEC, OPENVPN_TCP"
173.244.42.151,"OPENVPN, WIREGUARD, IPSEC, OPENVPN_TCP"
62.133.47.152,"OPENVPN, WIREGUARD, IPSEC, OPENVPN_TCP"
62.133.47.137,"OPENVPN, WIREGUARD, IPSEC, OPENVPN_TCP"
64.64.98.13,"OPENVPN, WIREGUARD, IPSEC, OPENVPN_TCP"
91.90.122.142,"OPENVPN, WIREGUARD, IPSEC, OPENVPN_TCP"
91.90.122.153,"OPENVPN, WIREGUARD, IPSEC, OPENVPN_TCP"
98.159.40.30,"OPENVPN, WIREGUARD, IPSEC, OPENVPN_TCP"
95.181.239.137,"OPENVPN, WIREGUARD, IPSEC, OPENVPN_TCP"
194.32.122.22,"OPENVPN, WIREGUARD, IPSEC, OPENVPN_TCP"
194.32.122.5,"OPENVPN, WIREGUARD, IPSEC, OPENVPN_TCP"
37.46.113.238,"OPENVPN, WIREGUARD, IPSEC, OPENVPN_TCP"
196.196.53.126,"OPENVPN, WIREGUARD, IPSEC, OPENVPN_TCP"
196.196.53.30,"OPENVPN, WIREGUARD, IPSEC, OPENVPN_TCP"
196.196.53.39,"OPENVPN, WIREGUARD, IPSEC, OPENVPN_TCP"
95.181.232.17,"OPENVPN, WIREGUARD, IPSEC, OPENVPN_TCP"
95.181.232.132,"OPENVPN, WIREGUARD, IPSEC, OPENVPN_TCP"
95.181.233.162,"OPENVPN, WIREGUARD, IPSEC, OPENVPN_TCP"
95.181.233.151,"OPENVPN, WIREGUARD, IPSEC, OPENVPN_TCP"
95.181.233.144,"OPENVPN, WIREGUARD, IPSEC, OPENVPN_TCP"
178.175.130.252,"OPENVPN, WIREGUARD, IPSEC, OPENVPN_TCP"
178.175.132.162,"OPENVPN, WIREGUARD, IPSEC, OPENVPN_TCP"
176.125.229.135,"OPENVPN, WIREGUARD, IPSEC, OPENVPN_TCP"
185.225.28.8,"OPENVPN, WIREGUARD, IPSEC, OPENVPN_TCP"
98.159.41.13,"OPENVPN, WIREGUARD, IPSEC, OPENVPN_TCP"
173.244.58.12,"OPENVPN, WIREGUARD, IPSEC, OPENVPN_TCP"
84.252.92.135,"OPENVPN, WIREGUARD, IPSEC, OPENVPN_TCP"
176.125.230.138,"OPENVPN, WIREGUARD, IPSEC, OPENVPN_TCP"
176.125.230.151,"OPENVPN, WIREGUARD, IPSEC, OPENVPN_TCP"
77.81.142.208,"OPENVPN, WIREGUARD, IPSEC, OPENVPN_TCP"
77.81.142.220,"OPENVPN, WIREGUARD, IPSEC, OPENVPN_TCP"
77.81.142.146,"OPENVPN, WIREGUARD, IPSEC, OPENVPN_TCP"
77.81.142.144,"OPENVPN, WIREGUARD, IPSEC, OPENVPN_TCP"
173.239.200.148,"OPENVPN, WIREGUARD, IPSEC, OPENVPN_TCP"
146.70.15.3,"OPENVPN, WIREGUARD, IPSEC, OPENVPN_TCP"
146.70.65.3,"OPENVPN, WIREGUARD, IPSEC, OPENVPN_TCP"
146.70.65.18,"OPENVPN, WIREGUARD, IPSEC, OPENVPN_TCP"
84.17.47.100,"OPENVPN, WIREGUARD, IPSEC, OPENVPN_TCP"
191.96.168.126,"OPENVPN, WIREGUARD, IPSEC, OPENVPN_TCP"
195.78.54.42,"OPENVPN, WIREGUARD, IPSEC, OPENVPN_TCP"
191.96.168.28,"OPENVPN, WIREGUARD, IPSEC, OPENVPN_TCP"
195.78.54.140,"OPENVPN, WIREGUARD, IPSEC, OPENVPN_TCP"
181.214.206.22,"OPENVPN, WIREGUARD, IPSEC, OPENVPN_TCP"
185.253.97.249,"OPENVPN, WIREGUARD, IPSEC, OPENVPN_TCP"
82.102.27.92,"OPENVPN, WIREGUARD, IPSEC, OPENVPN_TCP, OPENVPN_LEGACY, OPENVPN_TCP_LEGACY"
173.244.33.9,"OPENVPN, WIREGUARD, IPSEC, OPENVPN_TCP"
43.250.207.101,"OPENVPN, WIREGUARD, IPSEC, OPENVPN_TCP"
91.90.126.150,"OPENVPN, WIREGUARD, IPSEC, OPENVPN_TCP"
91.90.126.140,"OPENVPN, WIREGUARD, IPSEC, OPENVPN_TCP"
45.154.155.17,"OPENVPN, WIREGUARD, IPSEC, OPENVPN_TCP"
188.214.125.71,"OPENVPN, WIREGUARD, IPSEC, OPENVPN_TCP"
188.214.125.56,"OPENVPN, WIREGUARD, IPSEC, OPENVPN_TCP"
146.70.12.11,"OPENVPN, WIREGUARD, IPSEC, OPENVPN_TCP"
138.199.59.182,"OPENVPN, WIREGUARD, IPSEC, OPENVPN_TCP"
138.199.59.161,"OPENVPN, WIREGUARD, IPSEC, OPENVPN_TCP"
138.199.59.141,"OPENVPN, WIREGUARD, IPSEC, OPENVPN_TCP"
146.70.59.135,"OPENVPN, WIREGUARD, IPSEC, OPENVPN_TCP"
146.70.59.175,"OPENVPN, WIREGUARD, IPSEC, OPENVPN_TCP"
95.181.234.135,"OPENVPN, WIREGUARD, IPSEC, OPENVPN_TCP"
84.239.14.187,"OPENVPN, WIREGUARD, IPSEC, OPENVPN_TCP"
143.244.52.63,"OPENVPN, WIREGUARD, IPSEC, OPENVPN_TCP"
84.239.14.138,"OPENVPN, WIREGUARD, IPSEC, OPENVPN_TCP"
84.239.49.6,"OPENVPN, WIREGUARD, IPSEC, OPENVPN_TCP"
193.176.85.111,"OPENVPN, WIREGUARD, IPSEC, OPENVPN_TCP"
37.46.115.55,"OPENVPN, WIREGUARD, IPSEC, OPENVPN_TCP"
146.70.52.99,"OPENVPN, WIREGUARD, IPSEC, OPENVPN_TCP"
146.70.52.118,"OPENVPN, WIREGUARD, IPSEC, OPENVPN_TCP"
146.70.52.245,"OPENVPN, WIREGUARD, IPSEC, OPENVPN_TCP"
146.70.52.46,"OPENVPN, WIREGUARD, IPSEC, OPENVPN_TCP"
146.70.52.218,"OPENVPN, WIREGUARD, IPSEC, OPENVPN_TCP"
146.70.52.222,"OPENVPN, WIREGUARD, IPSEC, OPENVPN_TCP"
146.70.52.199,"OPENVPN, WIREGUARD, IPSEC, OPENVPN_TCP"
146.70.52.232,"OPENVPN, WIREGUARD, IPSEC, OPENVPN_TCP"
95.181.235.139,"OPENVPN, WIREGUARD, IPSEC, OPENVPN_TCP"
212.112.19.12,"OPENVPN, WIREGUARD, IPSEC, OPENVPN_TCP"
188.126.79.16,"OPENVPN, WIREGUARD, IPSEC, OPENVPN_TCP"
46.246.8.153,"OPENVPN, WIREGUARD, IPSEC, OPENVPN_TCP"
89.187.162.183,"OPENVPN, WIREGUARD, IPSEC, OPENVPN_TCP"
195.80.150.217,"OPENVPN, WIREGUARD, IPSEC, OPENVPN_TCP"
149.102.232.93,"OPENVPN, WIREGUARD, IPSEC, OPENVPN_TCP"
149.102.232.77,"OPENVPN, WIREGUARD, IPSEC, OPENVPN_TCP"
173.239.201.4,"OPENVPN, WIREGUARD, IPSEC, OPENVPN_TCP"
188.213.34.5,"OPENVPN, WIREGUARD, IPSEC, OPENVPN_TCP"
188.213.34.43,"OPENVPN, WIREGUARD, IPSEC, OPENVPN_TCP"
173.244.49.28,"OPENVPN, WIREGUARD, IPSEC, OPENVPN_TCP"
173.244.49.13,"OPENVPN, WIREGUARD, IPSEC, OPENVPN_TCP"
84.239.42.148,"OPENVPN, WIREGUARD, IPSEC, OPENVPN_TCP"
89.187.171.179,"OPENVPN, WIREGUARD, IPSEC, OPENVPN_TCP"
102.129.145.78,"OPENVPN, WIREGUARD, IPSEC, OPENVPN_TCP"
173.244.56.168,"OPENVPN, WIREGUARD, IPSEC, OPENVPN_TCP"
212.102.41.17,"OPENVPN, WIREGUARD, IPSEC, OPENVPN_TCP"
84.17.45.117,"OPENVPN, WIREGUARD, IPSEC, OPENVPN_TCP"
156.146.51.216,"OPENVPN, WIREGUARD, IPSEC, OPENVPN_TCP"
154.16.105.30,"OPENVPN, WIREGUARD, IPSEC, OPENVPN_TCP"
156.146.49.173,"OPENVPN, WIREGUARD, IPSEC, OPENVPN_TCP"
212.32.50.86,"OPENVPN, WIREGUARD, IPSEC, OPENVPN_TCP"
212.56.53.117,"OPENVPN, WIREGUARD, IPSEC, OPENVPN_TCP"
45.84.102.6,"OPENVPN, WIREGUARD, IPSEC, OPENVPN_TCP"
95.181.237.139,"OPENVPN, WIREGUARD, IPSEC, OPENVPN_TCP"
173.239.247.6,"OPENVPN, WIREGUARD, IPSEC, OPENVPN_TCP"
173.239.247.43,"OPENVPN, WIREGUARD, IPSEC, OPENVPN_TCP"
154.47.30.29,"OPENVPN, WIREGUARD, IPSEC, OPENVPN_TCP"
173.239.217.19,"OPENVPN, WIREGUARD, IPSEC, OPENVPN_TCP"
173.239.217.6,"OPENVPN, WIREGUARD, IPSEC, OPENVPN_TCP"
217.138.193.181,"OPENVPN, WIREGUARD, IPSEC, OPENVPN_TCP"
31.171.155.3,"OPENVPN, WIREGUARD, IPSEC, OPENVPN_TCP"
31.171.152.140,"OPENVPN, WIREGUARD, IPSEC, OPENVPN_TCP"
31.171.152.100,"OPENVPN, WIREGUARD, IPSEC, OPENVPN_TCP"
185.253.160.132,"OPENVPN, WIREGUARD, IPSEC, OPENVPN_TCP"
185.253.160.153,"OPENVPN, WIREGUARD, IPSEC, OPENVPN_TCP"
146.70.39.141,"OPENVPN, WIREGUARD, IPSEC, OPENVPN_TCP"
146.70.38.67,"OPENVPN, WIREGUARD, IPSEC, OPENVPN_TCP"
146.70.39.6,"OPENVPN, WIREGUARD, IPSEC, OPENVPN_TCP"
37.19.223.107,"OPENVPN, WIREGUARD, IPSEC, OPENVPN_TCP"
37.19.223.203,"OPENVPN, WIREGUARD, IPSEC, OPENVPN_TCP"
37.19.223.116,"OPENVPN, WIREGUARD, IPSEC, OPENVPN_TCP"
37.19.223.15,"OPENVPN, WIREGUARD, IPSEC, OPENVPN_TCP"
37.19.223.229,"OPENVPN, WIREGUARD, IPSEC, OPENVPN_TCP"
173.239.250.103,"OPENVPN, WIREGUARD, IPSEC, OPENVPN_TCP"
173.239.250.96,"OPENVPN, WIREGUARD, IPSEC, OPENVPN_TCP"
173.239.250.70,"OPENVPN, WIREGUARD, IPSEC, OPENVPN_TCP"
173.239.250.45,"OPENVPN, WIREGUARD, IPSEC, OPENVPN_TCP"
45.130.141.51,"OPENVPN, WIREGUARD, IPSEC, OPENVPN_TCP"
45.130.141.92,"OPENVPN, WIREGUARD, IPSEC, OPENVPN_TCP"
223.252.16.137,"OPENVPN, WIREGUARD, IPSEC, OPENVPN_TCP"
98.159.36.21,"OPENVPN, WIREGUARD, IPSEC, OPENVPN_TCP"
98.159.36.9,"OPENVPN, WIREGUARD, IPSEC, OPENVPN_TCP"
64.64.112.28,"OPENVPN, WIREGUARD, IPSEC, OPENVPN_TCP"
98.159.40.134,"OPENVPN, WIREGUARD, IPSEC, OPENVPN_TCP"
181.214.218.117,"OPENVPN, WIREGUARD, IPSEC, OPENVPN_TCP"
181.214.218.207,"OPENVPN, WIREGUARD, IPSEC, OPENVPN_TCP"
181.214.218.126,"OPENVPN, WIREGUARD, IPSEC, OPENVPN_TCP"
146.70.123.153,"OPENVPN, WIREGUARD, IPSEC, OPENVPN_TCP"
181.214.218.193,"OPENVPN, WIREGUARD, IPSEC, OPENVPN_TCP"
181.214.218.175,"OPENVPN, WIREGUARD, IPSEC, OPENVPN_TCP"
181.214.218.137,"OPENVPN, WIREGUARD, IPSEC, OPENVPN_TCP"
181.214.218.159,"OPENVPN, WIREGUARD, IPSEC, OPENVPN_TCP"
181.214.218.248,"OPENVPN, WIREGUARD, IPSEC, OPENVPN_TCP"
181.214.218.77,"OPENVPN, WIREGUARD, IPSEC, OPENVPN_TCP"
156.146.55.166,"OPENVPN, WIREGUARD, IPSEC, OPENVPN_TCP"
45.154.153.8,"OPENVPN, WIREGUARD, IPSEC, OPENVPN_TCP"
188.241.177.138,"OPENVPN, WIREGUARD, IPSEC, OPENVPN_TCP"
188.241.177.36,"OPENVPN, WIREGUARD, IPSEC, OPENVPN_TCP"
188.241.177.153,"OPENVPN, WIREGUARD, IPSEC, OPENVPN_TCP"
188.241.177.125,"OPENVPN, WIREGUARD, IPSEC, OPENVPN_TCP"
95.181.238.169,"OPENVPN, WIREGUARD, IPSEC, OPENVPN_TCP"
95.181.238.183,"OPENVPN, WIREGUARD, IPSEC, OPENVPN_TCP"
45.132.194.7,"OPENVPN, WIREGUARD, IPSEC, OPENVPN_TCP"
45.132.194.19,"OPENVPN, WIREGUARD, IPSEC, OPENVPN_TCP"
45.132.194.53,"OPENVPN, WIREGUARD, IPSEC, OPENVPN_TCP"
5.181.233.69,"OPENVPN, WIREGUARD, IPSEC, OPENVPN_TCP"
66.56.82.7,"OPENVPN, WIREGUARD, IPSEC, OPENVPN_TCP"
181.214.153.16,"OPENVPN, WIREGUARD, IPSEC, OPENVPN_TCP"
84.247.105.83,"OPENVPN, WIREGUARD, IPSEC, OPENVPN_TCP"
84.247.105.147,"OPENVPN, WIREGUARD, IPSEC, OPENVPN_TCP"
179.61.197.131,"OPENVPN, WIREGUARD, IPSEC, OPENVPN_TCP"
84.17.52.75,"OPENVPN, WIREGUARD, IPSEC, OPENVPN_TCP"
102.129.143.89,"OPENVPN, WIREGUARD, IPSEC, OPENVPN_TCP"
84.17.52.13,"OPENVPN, WIREGUARD, IPSEC, OPENVPN_TCP, OPENVPN_LEGACY, OPENVPN_TCP_LEGACY"
102.129.143.45,"OPENVPN, WIREGUARD, IPSEC, OPENVPN_TCP"
146.70.11.11,"OPENVPN, WIREGUARD, IPSEC, OPENVPN_TCP"
146.70.11.66,"OPENVPN, WIREGUARD, IPSEC, OPENVPN_TCP"
188.241.80.137,"OPENVPN, WIREGUARD, IPSEC, OPENVPN_TCP"
154.47.16.154,"OPENVPN, WIREGUARD, IPSEC, OPENVPN_TCP"
154.47.16.225,"OPENVPN, WIREGUARD, IPSEC, OPENVPN_TCP"
146.70.10.51,"OPENVPN, WIREGUARD, IPSEC, OPENVPN_TCP"
146.70.10.5,"OPENVPN, WIREGUARD, IPSEC, OPENVPN_TCP"
185.253.162.135,"OPENVPN, WIREGUARD, IPSEC, OPENVPN_TCP"
185.253.162.155,"OPENVPN, WIREGUARD, IPSEC, OPENVPN_TCP"
138.199.56.237,"OPENVPN, WIREGUARD, IPSEC, OPENVPN_TCP"
195.181.161.16,"OPENVPN, WIREGUARD, IPSEC, OPENVPN_TCP"
158.173.154.43,"OPENVPN, WIREGUARD, IPSEC, OPENVPN_TCP"
158.173.155.238,"OPENVPN, WIREGUARD, IPSEC, OPENVPN_TCP"
45.88.97.178,"OPENVPN, WIREGUARD, IPSEC, OPENVPN_TCP"
158.173.156.164,"OPENVPN, WIREGUARD, IPSEC, OPENVPN_TCP"
216.24.213.235,"OPENVPN, WIREGUARD, IPSEC, OPENVPN_TCP"
95.134.63.99,"OPENVPN, WIREGUARD, IPSEC, OPENVPN_TCP"
158.173.155.52,"OPENVPN, WIREGUARD, IPSEC, OPENVPN_TCP"
158.173.156.37,"OPENVPN, WIREGUARD, IPSEC, OPENVPN_TCP"
158.173.154.134,"OPENVPN, WIREGUARD, IPSEC, OPENVPN_TCP"
158.173.155.200,"OPENVPN, WIREGUARD, IPSEC, OPENVPN_TCP, OPENVPN_LEGACY, OPENVPN_TCP_LEGACY"
188.126.94.196,"OPENVPN, WIREGUARD, IPSEC, OPENVPN_TCP"
188.126.94.252,"OPENVPN, WIREGUARD, IPSEC, OPENVPN_TCP"
173.244.32.9,"OPENVPN, WIREGUARD, IPSEC, OPENVPN_TCP"
176.125.228.132,"OPENVPN, WIREGUARD, IPSEC, OPENVPN_TCP"
176.125.228.163,"OPENVPN, WIREGUARD, IPSEC, OPENVPN_TCP"
176.125.228.150,"OPENVPN, WIREGUARD, IPSEC, OPENVPN_TCP"
173.239.220.21,"OPENVPN, WIREGUARD, IPSEC, OPENVPN_TCP"
165.231.182.144,"OPENVPN, WIREGUARD, IPSEC, OPENVPN_TCP"
165.231.182.138,"OPENVPN, WIREGUARD, IPSEC, OPENVPN_TCP"
188.214.122.75,"OPENVPN, WIREGUARD, IPSEC, OPENVPN_TCP"
188.214.122.52,"OPENVPN, WIREGUARD, IPSEC, OPENVPN_TCP"
45.134.213.184,"OPENVPN, WIREGUARD, IPSEC, OPENVPN_TCP"
185.93.3.113,"OPENVPN, WIREGUARD, IPSEC, OPENVPN_TCP"
185.253.99.204,"OPENVPN, WIREGUARD, IPSEC, OPENVPN_TCP"
82.102.26.217,"OPENVPN, WIREGUARD, IPSEC, OPENVPN_TCP"
37.120.142.168,"OPENVPN, WIREGUARD, IPSEC, OPENVPN_TCP"
146.70.22.68,"OPENVPN, WIREGUARD, IPSEC, OPENVPN_TCP"
146.70.22.41,"OPENVPN, WIREGUARD, IPSEC, OPENVPN_TCP"
196.245.54.11,"OPENVPN, WIREGUARD, IPSEC, OPENVPN_TCP"
37.120.142.43,"OPENVPN, WIREGUARD, IPSEC, OPENVPN_TCP"
196.245.54.32,"OPENVPN, WIREGUARD, IPSEC, OPENVPN_TCP"
212.112.19.79,"OPENVPN, WIREGUARD, IPSEC, OPENVPN_TCP"
188.126.88.3,"OPENVPN, WIREGUARD, IPSEC, OPENVPN_TCP"
203.188.183.47,"OPENVPN, WIREGUARD, IPSEC, OPENVPN_TCP"
158.173.158.5,"OPENVPN, WIREGUARD, IPSEC, OPENVPN_TCP"
158.173.157.120,"OPENVPN, WIREGUARD, IPSEC, OPENVPN_TCP"
158.173.158.98,"OPENVPN, WIREGUARD, IPSEC, OPENVPN_TCP"
158.173.157.104,"OPENVPN, WIREGUARD, IPSEC, OPENVPN_TCP"
191.101.31.188,"OPENVPN, WIREGUARD, IPSEC, OPENVPN_TCP"
158.173.157.64,"OPENVPN, WIREGUARD, IPSEC, OPENVPN_TCP"
191.101.31.110,"OPENVPN, WIREGUARD, IPSEC, OPENVPN_TCP"
203.188.183.17,"OPENVPN, WIREGUARD, IPSEC, OPENVPN_TCP"
203.188.183.132,"OPENVPN, WIREGUARD, IPSEC, OPENVPN_TCP"
203.188.182.35,"OPENVPN, WIREGUARD, IPSEC, OPENVPN_TCP"
45.133.173.76,"OPENVPN, WIREGUARD, IPSEC, OPENVPN_TCP"
45.133.173.43,"OPENVPN, WIREGUARD, IPSEC, OPENVPN_TCP"
203.188.182.85,"OPENVPN, WIREGUARD, IPSEC, OPENVPN_TCP"
203.188.182.124,"OPENVPN, WIREGUARD, IPSEC, OPENVPN_TCP"
84.17.51.6,"OPENVPN, WIREGUARD, IPSEC, OPENVPN_TCP"
138.199.63.71,"OPENVPN, WIREGUARD, IPSEC, OPENVPN_TCP"
45.133.173.106,"OPENVPN, WIREGUARD, IPSEC, OPENVPN_TCP"
45.133.172.123,"OPENVPN, WIREGUARD, IPSEC, OPENVPN_TCP"
138.199.63.98,"OPENVPN, WIREGUARD, IPSEC, OPENVPN_TCP"
95.181.236.137,"OPENVPN, WIREGUARD, IPSEC, OPENVPN_TCP"
95.181.236.149,"OPENVPN, WIREGUARD, IPSEC, OPENVPN_TCP"
91.90.120.14,"OPENVPN, WIREGUARD, IPSEC, OPENVPN_TCP"
91.90.120.19,"OPENVPN, WIREGUARD, IPSEC, OPENVPN_TCP"
79.127.175.111,"OPENVPN, WIREGUARD, IPSEC, OPENVPN_TCP"
79.127.175.8,"OPENVPN, WIREGUARD, IPSEC, OPENVPN_TCP"
173.239.205.20,"OPENVPN, WIREGUARD, IPSEC, OPENVPN_TCP"
84.17.56.133,"OPENVPN, WIREGUARD, IPSEC, OPENVPN_TCP"
84.17.56.168,"OPENVPN, WIREGUARD, IPSEC, OPENVPN_TCP"
84.17.56.47,"OPENVPN, WIREGUARD, IPSEC, OPENVPN_TCP"
154.47.29.237,"OPENVPN, WIREGUARD, IPSEC, OPENVPN_TCP"
154.47.29.195,"OPENVPN, WIREGUARD, IPSEC, OPENVPN_TCP"
86.106.74.246,"OPENVPN, WIREGUARD, IPSEC, OPENVPN_TCP"
185.189.114.124,"OPENVPN, WIREGUARD, IPSEC, OPENVPN_TCP"
173.239.201.136,"OPENVPN, WIREGUARD, IPSEC, OPENVPN_TCP"
149.34.243.87,"OPENVPN, WIREGUARD, IPSEC, OPENVPN_TCP"
149.34.242.240,"OPENVPN, WIREGUARD, IPSEC, OPENVPN_TCP"
155.2.195.52,"OPENVPN, WIREGUARD, IPSEC, OPENVPN_TCP"
149.88.26.55,"OPENVPN, WIREGUARD, IPSEC, OPENVPN_TCP"
149.88.26.18,"OPENVPN, WIREGUARD, IPSEC, OPENVPN_TCP"
91.90.124.134,"OPENVPN, WIREGUARD, IPSEC, OPENVPN_TCP"
91.90.124.149,"OPENVPN, WIREGUARD, IPSEC, OPENVPN_TCP"
103.108.174.162,"OPENVPN, WIREGUARD, IPSEC, OPENVPN_TCP"
62.133.46.9,"OPENVPN, WIREGUARD, IPSEC, OPENVPN_TCP"
62.133.46.30,"OPENVPN, WIREGUARD, IPSEC, OPENVPN_TCP"
45.133.193.13,"OPENVPN, WIREGUARD, IPSEC, OPENVPN_TCP"
45.133.193.25,"OPENVPN, WIREGUARD, IPSEC, OPENVPN_TCP"
212.102.55.109,"OPENVPN, WIREGUARD, IPSEC, OPENVPN_TCP"
84.17.58.44,"OPENVPN, WIREGUARD, IPSEC, OPENVPN_TCP"
138.199.54.4,"OPENVPN, WIREGUARD, IPSEC, OPENVPN_TCP"
84.17.58.6,"OPENVPN, WIREGUARD, IPSEC, OPENVPN_TCP"
87.101.94.68,"OPENVPN, WIREGUARD, IPSEC, OPENVPN_TCP"
87.101.94.119,"OPENVPN, WIREGUARD, IPSEC, OPENVPN_TCP"
185.217.71.131,"OPENVPN, WIREGUARD, IPSEC, OPENVPN_TCP"
185.217.71.22,"OPENVPN, WIREGUARD, IPSEC, OPENVPN_TCP"
185.217.71.150,"OPENVPN, WIREGUARD, IPSEC, OPENVPN_TCP, OPENVPN_LEGACY, OPENVPN_TCP_LEGACY"
138.199.39.167,"OPENVPN, WIREGUARD, IPSEC, OPENVPN_TCP"
154.47.20.233,"OPENVPN, WIREGUARD, IPSEC, OPENVPN_TCP"
62.12.118.200,"OPENVPN, WIREGUARD, IPSEC, OPENVPN_TCP"
188.215.235.43,"OPENVPN, WIREGUARD, IPSEC, OPENVPN_TCP"
188.215.235.58,"OPENVPN, WIREGUARD, IPSEC, OPENVPN_TCP"
173.244.42.161,"OPENVPN, WIREGUARD, IPSEC, OPENVPN_TCP"
62.133.47.140,"OPENVPN, WIREGUARD, IPSEC, OPENVPN_TCP"
62.133.47.155,"OPENVPN, WIREGUARD, IPSEC, OPENVPN_TCP"
64.64.98.5,"OPENVPN, WIREGUARD, IPSEC, OPENVPN_TCP"
91.90.122.136,"OPENVPN, WIREGUARD, IPSEC, OPENVPN_TCP"
91.90.122.155,"OPENVPN, WIREGUARD, IPSEC, OPENVPN_TCP"
98.159.40.2,"OPENVPN, WIREGUARD, IPSEC, OPENVPN_TCP"
95.181.239.142,"OPENVPN, WIREGUARD, IPSEC, OPENVPN_TCP"
194.32.122.23,"OPENVPN, WIREGUARD, IPSEC, OPENVPN_TCP"
194.32.122.7,"OPENVPN, WIREGUARD, IPSEC, OPENVPN_TCP"
37.46.113.224,"OPENVPN, WIREGUARD, IPSEC, OPENVPN_TCP"
196.196.53.119,"OPENVPN, WIREGUARD, IPSEC, OPENVPN_TCP"
196.196.53.27,"OPENVPN, WIREGUARD, IPSEC, OPENVPN_TCP"
196.196.53.35,"OPENVPN, WIREGUARD, IPSEC, OPENVPN_TCP"
95.181.232.25,"OPENVPN, WIREGUARD, IPSEC, OPENVPN_TCP"
95.181.232.139,"OPENVPN, WIREGUARD, IPSEC, OPENVPN_TCP"
95.181.233.164,"OPENVPN, WIREGUARD, IPSEC, OPENVPN_TCP"
95.181.233.137,"OPENVPN, WIREGUARD, IPSEC, OPENVPN_TCP"
95.181.233.146,"OPENVPN, WIREGUARD, IPSEC, OPENVPN_TCP"
178.175.130.253,"OPENVPN, WIREGUARD, IPSEC, OPENVPN_TCP"
178.175.132.162,"OPENVPN, WIREGUARD, IPSEC, OPENVPN_TCP"
176.125.229.145,"OPENVPN, WIREGUARD, IPSEC, OPENVPN_TCP"
185.225.28.11,"OPENVPN, WIREGUARD, IPSEC, OPENVPN_TCP"
98.159.41.5,"OPENVPN, WIREGUARD, IPSEC, OPENVPN_TCP"
173.244.58.6,"OPENVPN, WIREGUARD, IPSEC, OPENVPN_TCP"
84.252.92.134,"OPENVPN, WIREGUARD, IPSEC, OPENVPN_TCP"
176.125.230.143,"OPENVPN, WIREGUARD, IPSEC, OPENVPN_TCP"
176.125.230.154,"OPENVPN, WIREGUARD, IPSEC, OPENVPN_TCP"
77.81.142.211,"OPENVPN, WIREGUARD, IPSEC, OPENVPN_TCP"
77.81.142.157,"OPENVPN, WIREGUARD, IPSEC, OPENVPN_TCP"
77.81.142.226,"OPENVPN, WIREGUARD, IPSEC, OPENVPN_TCP"
77.81.142.134,"OPENVPN, WIREGUARD, IPSEC, OPENVPN_TCP"
173.239.200.142,"OPENVPN, WIREGUARD, IPSEC, OPENVPN_TCP"
146.70.15.7,"OPENVPN, WIREGUARD, IPSEC, OPENVPN_TCP"
146.70.65.5,"OPENVPN, WIREGUARD, IPSEC, OPENVPN_TCP"
146.70.65.25,"OPENVPN, WIREGUARD, IPSEC, OPENVPN_TCP"
84.17.47.108,"OPENVPN, WIREGUARD, IPSEC, OPENVPN_TCP"
191.96.168.129,"OPENVPN, WIREGUARD, IPSEC, OPENVPN_TCP"
195.78.54.41,"OPENVPN, WIREGUARD, IPSEC, OPENVPN_TCP"
191.96.168.26,"OPENVPN, WIREGUARD, IPSEC, OPENVPN_TCP"
195.78.54.109,"OPENVPN, WIREGUARD, IPSEC, OPENVPN_TCP"
181.214.206.41,"OPENVPN, WIREGUARD, IPSEC, OPENVPN_TCP"
185.253.97.252,"OPENVPN, WIREGUARD, IPSEC, OPENVPN_TCP"
185.253.97.234,"OPENVPN, WIREGUARD, IPSEC, OPENVPN_TCP, OPENVPN_LEGACY, OPENVPN_TCP_LEGACY"
173.244.33.15,"OPENVPN, WIREGUARD, IPSEC, OPENVPN_TCP"
43.250.207.108,"OPENVPN, WIREGUARD, IPSEC, OPENVPN_TCP"
91.90.126.140,"OPENVPN, WIREGUARD, IPSEC, OPENVPN_TCP"
91.90.126.147,"OPENVPN, WIREGUARD, IPSEC, OPENVPN_TCP"
45.154.155.6,"OPENVPN, WIREGUARD, IPSEC, OPENVPN_TCP"
188.214.125.71,"OPENVPN, WIREGUARD, IPSEC, OPENVPN_TCP"
188.214.125.56,"OPENVPN, WIREGUARD, IPSEC, OPENVPN_TCP"
146.70.12.7,"OPENVPN, WIREGUARD, IPSEC, OPENVPN_TCP"
138.199.59.183,"OPENVPN, WIREGUARD, IPSEC, OPENVPN_TCP"
138.199.59.157,"OPENVPN, WIREGUARD, IPSEC, OPENVPN_TCP"
138.199.59.147,"OPENVPN, WIREGUARD, IPSEC, OPENVPN_TCP"
146.70.59.140,"OPENVPN, WIREGUARD, IPSEC, OPENVPN_TCP"
146.70.59.162,"OPENVPN, WIREGUARD, IPSEC, OPENVPN_TCP"
95.181.234.131,"OPENVPN, WIREGUARD, IPSEC, OPENVPN_TCP"
84.239.14.181,"OPENVPN, WIREGUARD, IPSEC, OPENVPN_TCP"
143.244.52.67,"OPENVPN, WIREGUARD, IPSEC, OPENVPN_TCP"
84.239.14.139,"OPENVPN, WIREGUARD, IPSEC, OPENVPN_TCP"
84.239.49.9,"OPENVPN, WIREGUARD, IPSEC, OPENVPN_TCP"
193.176.85.114,"OPENVPN, WIREGUARD, IPSEC, OPENVPN_TCP"
37.46.115.56,"OPENVPN, WIREGUARD, IPSEC, OPENVPN_TCP"
146.70.52.101,"OPENVPN, WIREGUARD, IPSEC, OPENVPN_TCP"
146.70.52.120,"OPENVPN, WIREGUARD, IPSEC, OPENVPN_TCP"
146.70.52.45,"OPENVPN, WIREGUARD, IPSEC, OPENVPN_TCP"
146.70.52.214,"OPENVPN, WIREGUARD, IPSEC, OPENVPN_TCP"
146.70.52.247,"OPENVPN, WIREGUARD, IPSEC, OPENVPN_TCP"
146.70.52.205,"OPENVPN, WIREGUARD, IPSEC, OPENVPN_TCP"
146.70.52.198,"OPENVPN, WIREGUARD, IPSEC, OPENVPN_TCP"
146.70.52.236,"OPENVPN, WIREGUARD, IPSEC, OPENVPN_TCP"
95.181.235.133,"OPENVPN, WIREGUARD, IPSEC, OPENVPN_TCP"
212.112.19.13,"OPENVPN, WIREGUARD, IPSEC, OPENVPN_TCP"
188.126.79.14,"OPENVPN, WIREGUARD, IPSEC, OPENVPN_TCP"
46.246.8.173,"OPENVPN, WIREGUARD, IPSEC, OPENVPN_TCP"
89.187.162.177,"OPENVPN, WIREGUARD, IPSEC, OPENVPN_TCP"
195.80.150.222,"OPENVPN, WIREGUARD, IPSEC, OPENVPN_TCP"
149.102.232.97,"OPENVPN, WIREGUARD, IPSEC, OPENVPN_TCP"
149.102.232.82,"OPENVPN, WIREGUARD, IPSEC, OPENVPN_TCP"
173.239.201.25,"OPENVPN, WIREGUARD, IPSEC, OPENVPN_TCP"
188.213.34.6,"OPENVPN, WIREGUARD, IPSEC, OPENVPN_TCP"
188.213.34.41,"OPENVPN, WIREGUARD, IPSEC, OPENVPN_TCP"
173.244.49.42,"OPENVPN, WIREGUARD, IPSEC, OPENVPN_TCP"
173.244.49.8,"OPENVPN, WIREGUARD, IPSEC, OPENVPN_TCP"
84.239.42.145,"OPENVPN, WIREGUARD, IPSEC, OPENVPN_TCP"
185.152.66.231,"OPENVPN, WIREGUARD, IPSEC, OPENVPN_TCP"
102.129.145.92,"OPENVPN, WIREGUARD, IPSEC, OPENVPN_TCP"
173.244.56.168,"OPENVPN, WIREGUARD, IPSEC, OPENVPN_TCP"
212.102.41.9,"OPENVPN, WIREGUARD, IPSEC, OPENVPN_TCP"
84.17.45.110,"OPENVPN, WIREGUARD, IPSEC, OPENVPN_TCP"
156.146.51.206,"OPENVPN, WIREGUARD, IPSEC, OPENVPN_TCP"
154.16.105.31,"OPENVPN, WIREGUARD, IPSEC, OPENVPN_TCP"
212.32.50.76,"OPENVPN, WIREGUARD, IPSEC, OPENVPN_TCP"
156.146.49.178,"OPENVPN, WIREGUARD, IPSEC, OPENVPN_TCP"
79.127.132.11,"OPENVPN, WIREGUARD, IPSEC, OPENVPN_TCP"
45.84.102.9,"OPENVPN, WIREGUARD, IPSEC, OPENVPN_TCP"
95.181.237.139,"OPENVPN, WIREGUARD, IPSEC, OPENVPN_TCP"
173.239.247.13,"OPENVPN, WIREGUARD, IPSEC, OPENVPN_TCP"
173.239.247.37,"OPENVPN, WIREGUARD, IPSEC, OPENVPN_TCP"
154.47.30.25,"OPENVPN, WIREGUARD, IPSEC, OPENVPN_TCP"
173.239.217.22,"OPENVPN, WIREGUARD, IPSEC, OPENVPN_TCP"
173.239.217.34,"OPENVPN, WIREGUARD, IPSEC, OPENVPN_TCP"
217.138.193.185,"OPENVPN, WIREGUARD, IPSEC, OPENVPN_TCP"
31.171.155.10,"OPENVPN, WIREGUARD, IPSEC, OPENVPN_TCP"
31.171.152.140,"OPENVPN, WIREGUARD, IPSEC, OPENVPN_TCP"
31.171.152.99,"OPENVPN, WIREGUARD, IPSEC, OPENVPN_TCP"
185.253.160.137,"OPENVPN, WIREGUARD, IPSEC, OPENVPN_TCP"
185.253.160.147,"OPENVPN, WIREGUARD, IPSEC, OPENVPN_TCP"
146.70.38.64,"OPENVPN, WIREGUARD, IPSEC, OPENVPN_TCP"
146.70.39.132,"OPENVPN, WIREGUARD, IPSEC, OPENVPN_TCP"
146.70.39.9,"OPENVPN, WIREGUARD, IPSEC, OPENVPN_TCP"
37.19.223.105,"OPENVPN, WIREGUARD, IPSEC, OPENVPN_TCP"
37.19.223.122,"OPENVPN, WIREGUARD, IPSEC, OPENVPN_TCP"
37.19.223.202,"OPENVPN, WIREGUARD, IPSEC, OPENVPN_TCP"
37.19.223.8,"OPENVPN, WIREGUARD, IPSEC, OPENVPN_TCP"
37.19.223.34,"OPENVPN, WIREGUARD, IPSEC, OPENVPN_TCP"
173.239.250.59,"OPENVPN, WIREGUARD, IPSEC, OPENVPN_TCP"
173.239.250.93,"OPENVPN, WIREGUARD, IPSEC, OPENVPN_TCP"
173.239.250.124,"OPENVPN, WIREGUARD, IPSEC, OPENVPN_TCP"
173.239.250.47,"OPENVPN, WIREGUARD, IPSEC, OPENVPN_TCP"
45.130.141.83,"OPENVPN, WIREGUARD, IPSEC, OPENVPN_TCP"
45.130.141.37,"OPENVPN, WIREGUARD, IPSEC, OPENVPN_TCP"
223.252.16.153,"OPENVPN, WIREGUARD, IPSEC, OPENVPN_TCP"
98.159.36.10,"OPENVPN, WIREGUARD, IPSEC, OPENVPN_TCP"
98.159.36.25,"OPENVPN, WIREGUARD, IPSEC, OPENVPN_TCP"
98.159.40.148,"OPENVPN, WIREGUARD, IPSEC, OPENVPN_TCP"
64.64.112.4,"OPENVPN, WIREGUARD, IPSEC, OPENVPN_TCP"
181.214.218.198,"OPENVPN, WIREGUARD, IPSEC, OPENVPN_TCP"
181.214.218.130,"OPENVPN, WIREGUARD, IPSEC, OPENVPN_TCP"
181.214.218.218,"OPENVPN, WIREGUARD, IPSEC, OPENVPN_TCP"
181.214.218.234,"OPENVPN, WIREGUARD, IPSEC, OPENVPN_TCP"
181.214.218.168,"OPENVPN, WIREGUARD, IPSEC, OPENVPN_TCP"
181.214.218.113,"OPENVPN, WIREGUARD, IPSEC, OPENVPN_TCP"
181.214.218.86,"OPENVPN, WIREGUARD, IPSEC, OPENVPN_TCP"
181.214.218.148,"OPENVPN, WIREGUARD, IPSEC, OPENVPN_TCP"
181.214.218.188,"OPENVPN, WIREGUARD, IPSEC, OPENVPN_TCP"
181.214.218.166,"OPENVPN, WIREGUARD, IPSEC, OPENVPN_TCP"
156.146.55.161,"OPENVPN, WIREGUARD, IPSEC, OPENVPN_TCP"
45.154.153.13,"OPENVPN, WIREGUARD, IPSEC, OPENVPN_TCP"
188.241.177.139,"OPENVPN, WIREGUARD, IPSEC, OPENVPN_TCP"
188.241.177.41,"OPENVPN, WIREGUARD, IPSEC, OPENVPN_TCP"
188.241.177.150,"OPENVPN, WIREGUARD, IPSEC, OPENVPN_TCP"
188.241.177.116,"OPENVPN, WIREGUARD, IPSEC, OPENVPN_TCP"
95.181.238.179,"OPENVPN, WIREGUARD, IPSEC, OPENVPN_TCP"
95.181.238.186,"OPENVPN, WIREGUARD, IPSEC, OPENVPN_TCP"
45.132.194.22,"OPENVPN, WIREGUARD, IPSEC, OPENVPN_TCP"
45.132.194.5,"OPENVPN, WIREGUARD, IPSEC, OPENVPN_TCP"
45.132.194.56,"OPENVPN, WIREGUARD, IPSEC, OPENVPN_TCP"
5.181.233.94,"OPENVPN, WIREGUARD, IPSEC, OPENVPN_TCP"
66.56.82.16,"OPENVPN, WIREGUARD, IPSEC, OPENVPN_TCP"
181.214.153.30,"OPENVPN, WIREGUARD, IPSEC, OPENVPN_TCP"
84.247.105.109,"OPENVPN, WIREGUARD, IPSEC, OPENVPN_TCP"
84.247.105.86,"OPENVPN, WIREGUARD, IPSEC, OPENVPN_TCP"
179.61.197.140,"OPENVPN, WIREGUARD, IPSEC, OPENVPN_TCP"
84.17.52.81,"OPENVPN, WIREGUARD, IPSEC, OPENVPN_TCP"
102.129.143.82,"OPENVPN, WIREGUARD, IPSEC, OPENVPN_TCP"
84.17.52.40,"OPENVPN, WIREGUARD, IPSEC, OPENVPN_TCP, OPENVPN_LEGACY, OPENVPN_TCP_LEGACY"
102.129.143.42,"OPENVPN, WIREGUARD, IPSEC, OPENVPN_TCP"
146.70.11.6,"OPENVPN, WIREGUARD, IPSEC, OPENVPN_TCP"
146.70.11.55,"OPENVPN, WIREGUARD, IPSEC, OPENVPN_TCP"
188.241.80.136,"OPENVPN, WIREGUARD, IPSEC, OPENVPN_TCP"
154.47.16.143,"OPENVPN, WIREGUARD, IPSEC, OPENVPN_TCP"
154.47.16.225,"OPENVPN, WIREGUARD, IPSEC, OPENVPN_TCP"
146.70.10.42,"OPENVPN, WIREGUARD, IPSEC, OPENVPN_TCP"
146.70.10.13,"OPENVPN, WIREGUARD, IPSEC, OPENVPN_TCP"
185.253.162.133,"OPENVPN, WIREGUARD, IPSEC, OPENVPN_TCP"
185.253.162.146,"OPENVPN, WIREGUARD, IPSEC, OPENVPN_TCP"
138.199.56.241,"OPENVPN, WIREGUARD, IPSEC, OPENVPN_TCP"
195.181.161.18,"OPENVPN, WIREGUARD, IPSEC, OPENVPN_TCP"
158.173.154.29,"OPENVPN, WIREGUARD, IPSEC, OPENVPN_TCP"
216.24.213.64,"OPENVPN, WIREGUARD, IPSEC, OPENVPN_TCP"
216.24.213.184,"OPENVPN, WIREGUARD, IPSEC, OPENVPN_TCP"
181.214.173.226,"OPENVPN, WIREGUARD, IPSEC, OPENVPN_TCP"
216.24.213.123,"OPENVPN, WIREGUARD, IPSEC, OPENVPN_TCP"
158.173.156.70,"OPENVPN, WIREGUARD, IPSEC, OPENVPN_TCP"
95.134.63.134,"OPENVPN, WIREGUARD, IPSEC, OPENVPN_TCP"
158.173.155.218,"OPENVPN, WIREGUARD, IPSEC, OPENVPN_TCP"
158.173.155.207,"OPENVPN, WIREGUARD, IPSEC, OPENVPN_TCP, OPENVPN_LEGACY, OPENVPN_TCP_LEGACY"
181.214.173.87,"OPENVPN, WIREGUARD, IPSEC, OPENVPN_TCP"
188.126.94.205,"OPENVPN, WIREGUARD, IPSEC, OPENVPN_TCP"
188.126.94.227,"OPENVPN, WIREGUARD, IPSEC, OPENVPN_TCP"
173.244.32.6,"OPENVPN, WIREGUARD, IPSEC, OPENVPN_TCP"
176.125.228.139,"OPENVPN, WIREGUARD, IPSEC, OPENVPN_TCP"
176.125.228.157,"OPENVPN, WIREGUARD, IPSEC, OPENVPN_TCP"
176.125.228.151,"OPENVPN, WIREGUARD, IPSEC, OPENVPN_TCP"
173.239.220.17,"OPENVPN, WIREGUARD, IPSEC, OPENVPN_TCP"
165.231.182.139,"OPENVPN, WIREGUARD, IPSEC, OPENVPN_TCP"
165.231.182.146,"OPENVPN, WIREGUARD, IPSEC, OPENVPN_TCP"
188.214.122.68,"OPENVPN, WIREGUARD, IPSEC, OPENVPN_TCP"
188.214.122.39,"OPENVPN, WIREGUARD, IPSEC, OPENVPN_TCP"
45.134.213.169,"OPENVPN, WIREGUARD, IPSEC, OPENVPN_TCP"
185.93.3.110,"OPENVPN, WIREGUARD, IPSEC, OPENVPN_TCP"
37.120.142.166,"OPENVPN, WIREGUARD, IPSEC, OPENVPN_TCP"
146.70.22.70,"OPENVPN, WIREGUARD, IPSEC, OPENVPN_TCP"
82.102.26.216,"OPENVPN, WIREGUARD, IPSEC, OPENVPN_TCP"
146.70.22.37,"OPENVPN, WIREGUARD, IPSEC, OPENVPN_TCP"
185.253.99.199,"OPENVPN, WIREGUARD, IPSEC, OPENVPN_TCP"
37.120.142.62,"OPENVPN, WIREGUARD, IPSEC, OPENVPN_TCP"
196.245.54.13,"OPENVPN, WIREGUARD, IPSEC, OPENVPN_TCP"
196.245.54.40,"OPENVPN, WIREGUARD, IPSEC, OPENVPN_TCP"
212.112.19.93,"OPENVPN, WIREGUARD, IPSEC, OPENVPN_TCP"
188.126.88.3,"OPENVPN, WIREGUARD, IPSEC, OPENVPN_TCP"
158.173.158.15,"OPENVPN, WIREGUARD, IPSEC, OPENVPN_TCP"
158.173.157.139,"OPENVPN, WIREGUARD, IPSEC, OPENVPN_TCP"
191.101.31.146,"OPENVPN, WIREGUARD, IPSEC, OPENVPN_TCP"
158.173.158.109,"OPENVPN, WIREGUARD, IPSEC, OPENVPN_TCP"
158.173.157.17,"OPENVPN, WIREGUARD, IPSEC, OPENVPN_TCP"
191.101.217.171,"OPENVPN, WIREGUARD, IPSEC, OPENVPN_TCP"
158.173.157.85,"OPENVPN, WIREGUARD, IPSEC, OPENVPN_TCP"
191.101.217.112,"OPENVPN, WIREGUARD, IPSEC, OPENVPN_TCP"
158.173.157.61,"OPENVPN, WIREGUARD, IPSEC, OPENVPN_TCP"
203.188.183.153,"OPENVPN, WIREGUARD, IPSEC, OPENVPN_TCP"
203.188.182.62,"OPENVPN, WIREGUARD, IPSEC, OPENVPN_TCP"
203.188.182.90,"OPENVPN, WIREGUARD, IPSEC, OPENVPN_TCP"
45.133.173.66,"OPENVPN, WIREGUARD, IPSEC, OPENVPN_TCP"
203.188.182.110,"OPENVPN, WIREGUARD, IPSEC, OPENVPN_TCP"
45.133.173.103,"OPENVPN, WIREGUARD, IPSEC, OPENVPN_TCP"
141.98.100.200,"OPENVPN, WIREGUARD, IPSEC, OPENVPN_TCP"
84.17.51.5,"OPENVPN, WIREGUARD, IPSEC, OPENVPN_TCP"
203.188.182.13,"OPENVPN, WIREGUARD, IPSEC, OPENVPN_TCP"
45.133.173.33,"OPENVPN, WIREGUARD, IPSEC, OPENVPN_TCP"
45.133.172.136,"OPENVPN, WIREGUARD, IPSEC, OPENVPN_TCP"
95.181.236.139,"OPENVPN, WIREGUARD, IPSEC, OPENVPN_TCP"
95.181.236.153,"OPENVPN, WIREGUARD, IPSEC, OPENVPN_TCP"
91.90.120.17,"OPENVPN, WIREGUARD, IPSEC, OPENVPN_TCP"
91.90.120.23,"OPENVPN, WIREGUARD, IPSEC, OPENVPN_TCP"
79.127.175.6,"OPENVPN, WIREGUARD, IPSEC, OPENVPN_TCP"
79.127.175.86,"OPENVPN, WIREGUARD, IPSEC, OPENVPN_TCP"
173.239.205.21,"OPENVPN, WIREGUARD, IPSEC, OPENVPN_TCP"
84.17.56.148,"OPENVPN, WIREGUARD, IPSEC, OPENVPN_TCP"
84.17.56.172,"OPENVPN, WIREGUARD, IPSEC, OPENVPN_TCP"
84.17.56.44,"OPENVPN, WIREGUARD, IPSEC, OPENVPN_TCP"
154.47.29.249,"OPENVPN, WIREGUARD, IPSEC, OPENVPN_TCP"
154.47.29.199,"OPENVPN, WIREGUARD, IPSEC, OPENVPN_TCP"
86.106.74.246,"OPENVPN, WIREGUARD, IPSEC, OPENVPN_TCP"
185.189.114.118,"OPENVPN, WIREGUARD, IPSEC, OPENVPN_TCP"
173.239.201.130,"OPENVPN, WIREGUARD, IPSEC, OPENVPN_TCP"
149.34.243.73,"OPENVPN, WIREGUARD, IPSEC, OPENVPN_TCP"
149.34.242.232,"OPENVPN, WIREGUARD, IPSEC, OPENVPN_TCP"
155.2.195.55,"OPENVPN, WIREGUARD, IPSEC, OPENVPN_TCP"
149.88.26.52,"OPENVPN, WIREGUARD, IPSEC, OPENVPN_TCP"
149.88.26.19,"OPENVPN, WIREGUARD, IPSEC, OPENVPN_TCP"
91.90.124.137,"OPENVPN, WIREGUARD, IPSEC, OPENVPN_TCP"
91.90.124.147,"OPENVPN, WIREGUARD, IPSEC, OPENVPN_TCP"
103.108.174.156,"OPENVPN, WIREGUARD, IPSEC, OPENVPN_TCP"
62.133.46.7,"OPENVPN, WIREGUARD, IPSEC, OPENVPN_TCP"
62.133.46.24,"OPENVPN, WIREGUARD, IPSEC, OPENVPN_TCP"
45.133.193.22,"OPENVPN, WIREGUARD, IPSEC, OPENVPN_TCP"
45.133.193.10,"OPENVPN, WIREGUARD, IPSEC, OPENVPN_TCP"
212.102.55.102,"OPENVPN, WIREGUARD, IPSEC, OPENVPN_TCP"
84.17.58.37,"OPENVPN, WIREGUARD, IPSEC, OPENVPN_TCP"
84.17.58.12,"OPENVPN, WIREGUARD, IPSEC, OPENVPN_TCP"
138.199.54.12,"OPENVPN, WIREGUARD, IPSEC, OPENVPN_TCP"
87.101.94.75,"OPENVPN, WIREGUARD, IPSEC, OPENVPN_TCP"
87.101.94.125,"OPENVPN, WIREGUARD, IPSEC, OPENVPN_TCP"
185.217.71.136,"OPENVPN, WIREGUARD, IPSEC, OPENVPN_TCP"
185.217.71.27,"OPENVPN, WIREGUARD, IPSEC, OPENVPN_TCP"
185.217.71.148,"OPENVPN, WIREGUARD, IPSEC, OPENVPN_TCP, OPENVPN_LEGACY, OPENVPN_TCP_LEGACY"
138.199.39.179,"OPENVPN, WIREGUARD, IPSEC, OPENVPN_TCP"
154.47.20.220,"OPENVPN, WIREGUARD, IPSEC, OPENVPN_TCP"
62.12.118.196,"OPENVPN, WIREGUARD, IPSEC, OPENVPN_TCP"
188.215.235.53,"OPENVPN, WIREGUARD, IPSEC, OPENVPN_TCP"
188.215.235.38,"OPENVPN, WIREGUARD, IPSEC, OPENVPN_TCP"
173.244.42.174,"OPENVPN, WIREGUARD, IPSEC, OPENVPN_TCP"
62.133.47.141,"OPENVPN, WIREGUARD, IPSEC, OPENVPN_TCP"
62.133.47.153,"OPENVPN, WIREGUARD, IPSEC, OPENVPN_TCP"
64.64.98.11,"OPENVPN, WIREGUARD, IPSEC, OPENVPN_TCP"
91.90.122.141,"OPENVPN, WIREGUARD, IPSEC, OPENVPN_TCP"
91.90.122.153,"OPENVPN, WIREGUARD, IPSEC, OPENVPN_TCP"
98.159.40.26,"OPENVPN, WIREGUARD, IPSEC, OPENVPN_TCP"
95.181.239.137,"OPENVPN, WIREGUARD, IPSEC, OPENVPN_TCP"
194.32.122.27,"OPENVPN, WIREGUARD, IPSEC, OPENVPN_TCP"
194.32.122.12,"OPENVPN, WIREGUARD, IPSEC, OPENVPN_TCP"
37.46.113.245,"OPENVPN, WIREGUARD, IPSEC, OPENVPN_TCP"
196.196.53.45,"OPENVPN, WIREGUARD, IPSEC, OPENVPN_TCP"
196.196.53.26,"OPENVPN, WIREGUARD, IPSEC, OPENVPN_TCP"
196.196.53.118,"OPENVPN, WIREGUARD, IPSEC, OPENVPN_TCP"
95.181.232.17,"OPENVPN, WIREGUARD, IPSEC, OPENVPN_TCP"
95.181.232.141,"OPENVPN, WIREGUARD, IPSEC, OPENVPN_TCP"
95.181.233.165,"OPENVPN, WIREGUARD, IPSEC, OPENVPN_TCP"
95.181.233.136,"OPENVPN, WIREGUARD, IPSEC, OPENVPN_TCP"
95.181.233.157,"OPENVPN, WIREGUARD, IPSEC, OPENVPN_TCP"
178.175.130.244,"OPENVPN, WIREGUARD, IPSEC, OPENVPN_TCP"
178.175.142.131,"OPENVPN, WIREGUARD, IPSEC, OPENVPN_TCP"
176.125.229.134,"OPENVPN, WIREGUARD, IPSEC, OPENVPN_TCP"
185.225.28.9,"OPENVPN, WIREGUARD, IPSEC, OPENVPN_TCP"
98.159.41.9,"OPENVPN, WIREGUARD, IPSEC, OPENVPN_TCP"
173.244.58.10,"OPENVPN, WIREGUARD, IPSEC, OPENVPN_TCP"
84.252.92.144,"OPENVPN, WIREGUARD, IPSEC, OPENVPN_TCP"
176.125.230.132,"OPENVPN, WIREGUARD, IPSEC, OPENVPN_TCP"
176.125.230.164,"OPENVPN, WIREGUARD, IPSEC, OPENVPN_TCP"
77.81.142.213,"OPENVPN, WIREGUARD, IPSEC, OPENVPN_TCP"
77.81.142.220,"OPENVPN, WIREGUARD, IPSEC, OPENVPN_TCP"
77.81.142.152,"OPENVPN, WIREGUARD, IPSEC, OPENVPN_TCP"
77.81.142.135,"OPENVPN, WIREGUARD, IPSEC, OPENVPN_TCP"
173.239.200.147,"OPENVPN, WIREGUARD, IPSEC, OPENVPN_TCP"
146.70.15.10,"OPENVPN, WIREGUARD, IPSEC, OPENVPN_TCP"
146.70.65.21,"OPENVPN, WIREGUARD, IPSEC, OPENVPN_TCP"
146.70.65.15,"OPENVPN, WIREGUARD, IPSEC, OPENVPN_TCP"
84.17.47.100,"OPENVPN, WIREGUARD, IPSEC, OPENVPN_TCP"
191.96.168.159,"OPENVPN, WIREGUARD, IPSEC, OPENVPN_TCP"
195.78.54.12,"OPENVPN, WIREGUARD, IPSEC, OPENVPN_TCP"
191.96.168.15,"OPENVPN, WIREGUARD, IPSEC, OPENVPN_TCP"
195.78.54.147,"OPENVPN, WIREGUARD, IPSEC, OPENVPN_TCP"
181.214.206.14,"OPENVPN, WIREGUARD, IPSEC, OPENVPN_TCP"
185.253.97.249,"OPENVPN, WIREGUARD, IPSEC, OPENVPN_TCP"
185.253.97.237,"OPENVPN, WIREGUARD, IPSEC, OPENVPN_TCP, OPENVPN_LEGACY, OPENVPN_TCP_LEGACY"
173.244.33.6,"OPENVPN, WIREGUARD, IPSEC, OPENVPN_TCP"
43.250.207.109,"OPENVPN, WIREGUARD, IPSEC, OPENVPN_TCP"
91.90.126.157,"OPENVPN, WIREGUARD, IPSEC, OPENVPN_TCP"
91.90.126.135,"OPENVPN, WIREGUARD, IPSEC, OPENVPN_TCP"
45.154.155.6,"OPENVPN, WIREGUARD, IPSEC, OPENVPN_TCP"
188.214.125.74,"OPENVPN, WIREGUARD, IPSEC, OPENVPN_TCP"
188.214.125.35,"OPENVPN, WIREGUARD, IPSEC, OPENVPN_TCP"
146.70.12.4,"OPENVPN, WIREGUARD, IPSEC, OPENVPN_TCP"
45.134.212.195,"OPENVPN, WIREGUARD, IPSEC, OPENVPN_TCP"
138.199.59.168,"OPENVPN, WIREGUARD, IPSEC, OPENVPN_TCP"
138.199.59.143,"OPENVPN, WIREGUARD, IPSEC, OPENVPN_TCP"
146.70.59.147,"OPENVPN, WIREGUARD, IPSEC, OPENVPN_TCP"
146.70.59.162,"OPENVPN, WIREGUARD, IPSEC, OPENVPN_TCP"
95.181.234.131,"OPENVPN, WIREGUARD, IPSEC, OPENVPN_TCP"
84.239.14.189,"OPENVPN, WIREGUARD, IPSEC, OPENVPN_TCP"
143.244.52.65,"OPENVPN, WIREGUARD, IPSEC, OPENVPN_TCP"
84.239.14.143,"OPENVPN, WIREGUARD, IPSEC, OPENVPN_TCP"
193.176.85.116,"OPENVPN, WIREGUARD, IPSEC, OPENVPN_TCP"
84.239.49.6,"OPENVPN, WIREGUARD, IPSEC, OPENVPN_TCP"
37.46.115.53,"OPENVPN, WIREGUARD, IPSEC, OPENVPN_TCP"
146.70.52.119,"OPENVPN, WIREGUARD, IPSEC, OPENVPN_TCP"
146.70.52.104,"OPENVPN, WIREGUARD, IPSEC, OPENVPN_TCP"
146.70.52.244,"OPENVPN, WIREGUARD, IPSEC, OPENVPN_TCP"
146.70.52.30,"OPENVPN, WIREGUARD, IPSEC, OPENVPN_TCP"
146.70.52.211,"OPENVPN, WIREGUARD, IPSEC, OPENVPN_TCP"
146.70.52.78,"OPENVPN, WIREGUARD, IPSEC, OPENVPN_TCP"
146.70.52.198,"OPENVPN, WIREGUARD, IPSEC, OPENVPN_TCP"
146.70.52.231,"OPENVPN, WIREGUARD, IPSEC, OPENVPN_TCP"
95.181.235.139,"OPENVPN, WIREGUARD, IPSEC, OPENVPN_TCP"
212.112.19.4,"OPENVPN, WIREGUARD, IPSEC, OPENVPN_TCP"
188.126.79.15,"OPENVPN, WIREGUARD, IPSEC, OPENVPN_TCP"
46.246.8.170,"OPENVPN, WIREGUARD, IPSEC, OPENVPN_TCP"
89.187.162.178,"OPENVPN, WIREGUARD, IPSEC, OPENVPN_TCP"
195.80.150.219,"OPENVPN, WIREGUARD, IPSEC, OPENVPN_TCP"
149.102.232.118,"OPENVPN, WIREGUARD, IPSEC, OPENVPN_TCP"
149.102.232.80,"OPENVPN, WIREGUARD, IPSEC, OPENVPN_TCP"
173.239.201.20,"OPENVPN, WIREGUARD, IPSEC, OPENVPN_TCP"
188.213.34.3,"OPENVPN, WIREGUARD, IPSEC, OPENVPN_TCP"
188.213.34.46,"OPENVPN, WIREGUARD, IPSEC, OPENVPN_TCP"
173.244.49.40,"OPENVPN, WIREGUARD, IPSEC, OPENVPN_TCP"
173.244.49.25,"OPENVPN, WIREGUARD, IPSEC, OPENVPN_TCP"
84.239.42.152,"OPENVPN, WIREGUARD, IPSEC, OPENVPN_TCP"
185.152.66.233,"OPENVPN, WIREGUARD, IPSEC, OPENVPN_TCP"
173.244.56.181,"OPENVPN, WIREGUARD, IPSEC, OPENVPN_TCP"
102.129.145.97,"OPENVPN, WIREGUARD, IPSEC, OPENVPN_TCP"
212.102.41.2,"OPENVPN, WIREGUARD, IPSEC, OPENVPN_TCP"
84.17.45.116,"OPENVPN, WIREGUARD, IPSEC, OPENVPN_TCP"
156.146.51.205,"OPENVPN, WIREGUARD, IPSEC, OPENVPN_TCP"
154.16.105.20,"OPENVPN, WIREGUARD, IPSEC, OPENVPN_TCP"
212.32.50.80,"OPENVPN, WIREGUARD, IPSEC, OPENVPN_TCP"
156.146.49.167,"OPENVPN, WIREGUARD, IPSEC, OPENVPN_TCP"
102.129.252.175,"OPENVPN, WIREGUARD, IPSEC, OPENVPN_TCP"
45.84.102.18,"OPENVPN, WIREGUARD, IPSEC, OPENVPN_TCP"
95.181.237.131,"OPENVPN, WIREGUARD, IPSEC, OPENVPN_TCP"
173.239.247.9,"OPENVPN, WIREGUARD, IPSEC, OPENVPN_TCP"
173.239.247.36,"OPENVPN, WIREGUARD, IPSEC, OPENVPN_TCP"
154.47.30.4,"OPENVPN, WIREGUARD, IPSEC, OPENVPN_TCP"
173.239.217.16,"OPENVPN, WIREGUARD, IPSEC, OPENVPN_TCP"
173.239.217.29,"OPENVPN, WIREGUARD, IPSEC, OPENVPN_TCP"
217.138.193.190,"OPENVPN, WIREGUARD, IPSEC, OPENVPN_TCP"
31.171.155.5,"OPENVPN, WIREGUARD, IPSEC, OPENVPN_TCP"
31.171.152.133,"OPENVPN, WIREGUARD, IPSEC, OPENVPN_TCP"
31.171.152.100,"OPENVPN, WIREGUARD, IPSEC, OPENVPN_TCP"
185.253.160.131,"OPENVPN, WIREGUARD, IPSEC, OPENVPN_TCP"
185.253.160.152,"OPENVPN, WIREGUARD, IPSEC, OPENVPN_TCP"
146.70.39.145,"OPENVPN, WIREGUARD, IPSEC, OPENVPN_TCP"
146.70.38.66,"OPENVPN, WIREGUARD, IPSEC, OPENVPN_TCP"
146.70.39.4,"OPENVPN, WIREGUARD, IPSEC, OPENVPN_TCP"
37.19.223.99,"OPENVPN, WIREGUARD, IPSEC, OPENVPN_TCP"
37.19.223.208,"OPENVPN, WIREGUARD, IPSEC, OPENVPN_TCP"
37.19.223.116,"OPENVPN, WIREGUARD, IPSEC, OPENVPN_TCP"
37.19.223.25,"OPENVPN, WIREGUARD, IPSEC, OPENVPN_TCP"
37.19.223.36,"OPENVPN, WIREGUARD, IPSEC, OPENVPN_TCP"
173.239.250.95,"OPENVPN, WIREGUARD, IPSEC, OPENVPN_TCP"
173.239.250.115,"OPENVPN, WIREGUARD, IPSEC, OPENVPN_TCP"
173.239.250.52,"OPENVPN, WIREGUARD, IPSEC, OPENVPN_TCP"
173.239.250.37,"OPENVPN, WIREGUARD, IPSEC, OPENVPN_TCP"
45.130.141.82,"OPENVPN, WIREGUARD, IPSEC, OPENVPN_TCP"
45.130.141.61,"OPENVPN, WIREGUARD, IPSEC, OPENVPN_TCP"
223.252.16.153,"OPENVPN, WIREGUARD, IPSEC, OPENVPN_TCP"
98.159.36.6,"OPENVPN, WIREGUARD, IPSEC, OPENVPN_TCP"
98.159.36.16,"OPENVPN, WIREGUARD, IPSEC, OPENVPN_TCP"
98.159.40.142,"OPENVPN, WIREGUARD, IPSEC, OPENVPN_TCP"
64.64.112.20,"OPENVPN, WIREGUARD, IPSEC, OPENVPN_TCP"
181.214.218.197,"OPENVPN, WIREGUARD, IPSEC, OPENVPN_TCP"
181.214.218.109,"OPENVPN, WIREGUARD, IPSEC, OPENVPN_TCP"
181.214.218.90,"OPENVPN, WIREGUARD, IPSEC, OPENVPN_TCP"
181.214.218.232,"OPENVPN, WIREGUARD, IPSEC, OPENVPN_TCP"
181.214.218.129,"OPENVPN, WIREGUARD, IPSEC, OPENVPN_TCP"
181.214.218.186,"OPENVPN, WIREGUARD, IPSEC, OPENVPN_TCP"
181.214.218.176,"OPENVPN, WIREGUARD, IPSEC, OPENVPN_TCP"
146.70.123.158,"OPENVPN, WIREGUARD, IPSEC, OPENVPN_TCP"
181.214.218.253,"OPENVPN, WIREGUARD, IPSEC, OPENVPN_TCP"
181.214.218.152,"OPENVPN, WIREGUARD, IPSEC, OPENVPN_TCP"
156.146.55.162,"OPENVPN, WIREGUARD, IPSEC, OPENVPN_TCP"
45.154.153.11,"OPENVPN, WIREGUARD, IPSEC, OPENVPN_TCP"
188.241.177.141,"OPENVPN, WIREGUARD, IPSEC, OPENVPN_TCP"
188.241.177.45,"OPENVPN, WIREGUARD, IPSEC, OPENVPN_TCP"
188.241.177.154,"OPENVPN, WIREGUARD, IPSEC, OPENVPN_TCP"
188.241.177.125,"OPENVPN, WIREGUARD, IPSEC, OPENVPN_TCP"
95.181.238.174,"OPENVPN, WIREGUARD, IPSEC, OPENVPN_TCP"
95.181.238.186,"OPENVPN, WIREGUARD, IPSEC, OPENVPN_TCP"
45.132.194.18,"OPENVPN, WIREGUARD, IPSEC, OPENVPN_TCP"
45.132.194.5,"OPENVPN, WIREGUARD, IPSEC, OPENVPN_TCP"
45.132.194.57,"OPENVPN, WIREGUARD, IPSEC, OPENVPN_TCP"
5.181.233.89,"OPENVPN, WIREGUARD, IPSEC, OPENVPN_TCP"
66.56.82.26,"OPENVPN, WIREGUARD, IPSEC, OPENVPN_TCP"
181.214.153.22,"OPENVPN, WIREGUARD, IPSEC, OPENVPN_TCP"
84.247.105.125,"OPENVPN, WIREGUARD, IPSEC, OPENVPN_TCP"
84.247.105.82,"OPENVPN, WIREGUARD, IPSEC, OPENVPN_TCP"
179.61.197.152,"OPENVPN, WIREGUARD, IPSEC, OPENVPN_TCP"
84.17.52.67,"OPENVPN, WIREGUARD, IPSEC, OPENVPN_TCP"
102.129.143.84,"OPENVPN, WIREGUARD, IPSEC, OPENVPN_TCP"
84.17.52.15,"OPENVPN, WIREGUARD, IPSEC, OPENVPN_TCP, OPENVPN_LEGACY, OPENVPN_TCP_LEGACY"
102.129.143.34,"OPENVPN, WIREGUARD, IPSEC, OPENVPN_TCP"
146.70.11.4,"OPENVPN, WIREGUARD, IPSEC, OPENVPN_TCP"
146.70.11.62,"OPENVPN, WIREGUARD, IPSEC, OPENVPN_TCP"
188.241.80.133,"OPENVPN, WIREGUARD, IPSEC, OPENVPN_TCP"
154.47.16.132,"OPENVPN, WIREGUARD, IPSEC, OPENVPN_TCP"
154.47.16.225,"OPENVPN, WIREGUARD, IPSEC, OPENVPN_TCP"
146.70.10.11,"OPENVPN, WIREGUARD, IPSEC, OPENVPN_TCP"
146.70.10.43,"OPENVPN, WIREGUARD, IPSEC, OPENVPN_TCP"
185.253.162.139,"OPENVPN, WIREGUARD, IPSEC, OPENVPN_TCP"
185.253.162.163,"OPENVPN, WIREGUARD, IPSEC, OPENVPN_TCP"
138.199.56.240,"OPENVPN, WIREGUARD, IPSEC, OPENVPN_TCP"
195.181.161.17,"OPENVPN, WIREGUARD, IPSEC, OPENVPN_TCP"
158.173.154.21,"OPENVPN, WIREGUARD, IPSEC, OPENVPN_TCP"
158.173.155.55,"OPENVPN, WIREGUARD, IPSEC, OPENVPN_TCP"
158.173.156.150,"OPENVPN, WIREGUARD, IPSEC, OPENVPN_TCP"
158.173.154.155,"OPENVPN, WIREGUARD, IPSEC, OPENVPN_TCP"
45.88.97.104,"OPENVPN, WIREGUARD, IPSEC, OPENVPN_TCP"
216.24.213.151,"OPENVPN, WIREGUARD, IPSEC, OPENVPN_TCP"
216.24.213.207,"OPENVPN, WIREGUARD, IPSEC, OPENVPN_TCP"
83.97.23.182,"OPENVPN, WIREGUARD, IPSEC, OPENVPN_TCP"
158.173.156.213,"OPENVPN, WIREGUARD, IPSEC, OPENVPN_TCP"
45.88.97.161,"OPENVPN, WIREGUARD, IPSEC, OPENVPN_TCP"
188.126.94.213,"OPENVPN, WIREGUARD, IPSEC, OPENVPN_TCP"
188.126.94.254,"OPENVPN, WIREGUARD, IPSEC, OPENVPN_TCP"
173.244.32.6,"OPENVPN, WIREGUARD, IPSEC, OPENVPN_TCP"
176.125.228.142,"OPENVPN, WIREGUARD, IPSEC, OPENVPN_TCP"
176.125.228.165,"OPENVPN, WIREGUARD, IPSEC, OPENVPN_TCP"
176.125.228.150,"OPENVPN, WIREGUARD, IPSEC, OPENVPN_TCP"
173.239.220.26,"OPENVPN, WIREGUARD, IPSEC, OPENVPN_TCP"
165.231.182.135,"OPENVPN, WIREGUARD, IPSEC, OPENVPN_TCP"
165.231.182.147,"OPENVPN, WIREGUARD, IPSEC, OPENVPN_TCP"
188.214.122.76,"OPENVPN, WIREGUARD, IPSEC, OPENVPN_TCP"
188.214.122.42,"OPENVPN, WIREGUARD, IPSEC, OPENVPN_TCP"
45.134.213.172,"OPENVPN, WIREGUARD, IPSEC, OPENVPN_TCP"
185.93.3.106,"OPENVPN, WIREGUARD, IPSEC, OPENVPN_TCP"
185.253.99.205,"OPENVPN, WIREGUARD, IPSEC, OPENVPN_TCP"
146.70.22.40,"OPENVPN, WIREGUARD, IPSEC, OPENVPN_TCP"
37.120.142.164,"OPENVPN, WIREGUARD, IPSEC, OPENVPN_TCP"
146.70.22.68,"OPENVPN, WIREGUARD, IPSEC, OPENVPN_TCP"
37.120.142.61,"OPENVPN, WIREGUARD, IPSEC, OPENVPN_TCP"
82.102.26.216,"OPENVPN, WIREGUARD, IPSEC, OPENVPN_TCP"
37.120.142.40,"OPENVPN, WIREGUARD, IPSEC, OPENVPN_TCP"
196.245.54.3,"OPENVPN, WIREGUARD, IPSEC, OPENVPN_TCP"
212.112.19.86,"OPENVPN, WIREGUARD, IPSEC, OPENVPN_TCP"
188.126.88.11,"OPENVPN, WIREGUARD, IPSEC, OPENVPN_TCP"
158.173.157.87,"OPENVPN, WIREGUARD, IPSEC, OPENVPN_TCP"
158.173.158.27,"OPENVPN, WIREGUARD, IPSEC, OPENVPN_TCP"
158.173.158.100,"OPENVPN, WIREGUARD, IPSEC, OPENVPN_TCP"
158.173.157.141,"OPENVPN, WIREGUARD, IPSEC, OPENVPN_TCP"
203.188.183.148,"OPENVPN, WIREGUARD, IPSEC, OPENVPN_TCP"
158.173.157.65,"OPENVPN, WIREGUARD, IPSEC, OPENVPN_TCP"
191.101.217.112,"OPENVPN, WIREGUARD, IPSEC, OPENVPN_TCP"
191.101.217.236,"OPENVPN, WIREGUARD, IPSEC, OPENVPN_TCP"
203.188.183.38,"OPENVPN, WIREGUARD, IPSEC, OPENVPN_TCP"
203.188.183.129,"OPENVPN, WIREGUARD, IPSEC, OPENVPN_TCP"
203.188.182.55,"OPENVPN, WIREGUARD, IPSEC, OPENVPN_TCP"
45.133.173.86,"OPENVPN, WIREGUARD, IPSEC, OPENVPN_TCP"
45.133.173.122,"OPENVPN, WIREGUARD, IPSEC, OPENVPN_TCP"
138.199.63.77,"OPENVPN, WIREGUARD, IPSEC, OPENVPN_TCP"
45.133.173.59,"OPENVPN, WIREGUARD, IPSEC, OPENVPN_TCP"
203.188.182.77,"OPENVPN, WIREGUARD, IPSEC, OPENVPN_TCP"
203.188.182.120,"OPENVPN, WIREGUARD, IPSEC, OPENVPN_TCP"
45.133.172.159,"OPENVPN, WIREGUARD, IPSEC, OPENVPN_TCP"
203.188.182.21,"OPENVPN, WIREGUARD, IPSEC, OPENVPN_TCP"
181.215.176.108,"OPENVPN, WIREGUARD, IPSEC, OPENVPN_TCP"
95.181.236.143,"OPENVPN, WIREGUARD, IPSEC, OPENVPN_TCP"
95.181.236.153,"OPENVPN, WIREGUARD, IPSEC, OPENVPN_TCP"
91.90.120.11,"OPENVPN, WIREGUARD, IPSEC, OPENVPN_TCP"
91.90.120.24,"OPENVPN, WIREGUARD, IPSEC, OPENVPN_TCP"
79.127.175.23,"OPENVPN, WIREGUARD, IPSEC, OPENVPN_TCP"
79.127.175.95,"OPENVPN, WIREGUARD, IPSEC, OPENVPN_TCP"
173.239.205.18,"OPENVPN, WIREGUARD, IPSEC, OPENVPN_TCP"
84.17.56.140,"OPENVPN, WIREGUARD, IPSEC, OPENVPN_TCP"
84.17.56.177,"OPENVPN, WIREGUARD, IPSEC, OPENVPN_TCP"
84.17.56.44,"OPENVPN, WIREGUARD, IPSEC, OPENVPN_TCP"
154.47.29.227,"OPENVPN, WIREGUARD, IPSEC, OPENVPN_TCP"
154.47.29.213,"OPENVPN, WIREGUARD, IPSEC, OPENVPN_TCP"
86.106.74.248,"OPENVPN, WIREGUARD, IPSEC, OPENVPN_TCP"
185.189.114.123,"OPENVPN, WIREGUARD, IPSEC, OPENVPN_TCP"
173.239.201.139,"OPENVPN, WIREGUARD, IPSEC, OPENVPN_TCP"
149.34.243.92,"OPENVPN, WIREGUARD, IPSEC, OPENVPN_TCP"
149.34.242.249,"OPENVPN, WIREGUARD, IPSEC, OPENVPN_TCP"
155.2.195.33,"OPENVPN, WIREGUARD, IPSEC, OPENVPN_TCP"
149.88.26.73,"OPENVPN, WIREGUARD, IPSEC, OPENVPN_TCP"
149.88.26.37,"OPENVPN, WIREGUARD, IPSEC, OPENVPN_TCP"
91.90.124.131,"OPENVPN, WIREGUARD, IPSEC, OPENVPN_TCP"
91.90.124.154,"OPENVPN, WIREGUARD, IPSEC, OPENVPN_TCP"
103.108.174.175,"OPENVPN, WIREGUARD, IPSEC, OPENVPN_TCP"
62.133.46.3,"OPENVPN, WIREGUARD, IPSEC, OPENVPN_TCP"
62.133.46.23,"OPENVPN, WIREGUARD, IPSEC, OPENVPN_TCP"
45.133.193.7,"OPENVPN, WIREGUARD, IPSEC, OPENVPN_TCP"
45.133.193.28,"OPENVPN, WIREGUARD, IPSEC, OPENVPN_TCP"
212.102.55.122,"OPENVPN, WIREGUARD, IPSEC, OPENVPN_TCP"
84.17.58.58,"OPENVPN, WIREGUARD, IPSEC, OPENVPN_TCP"
84.17.58.5,"OPENVPN, WIREGUARD, IPSEC, OPENVPN_TCP"
138.199.54.5,"OPENVPN, WIREGUARD, IPSEC, OPENVPN_TCP"
87.101.94.68,"OPENVPN, WIREGUARD, IPSEC, OPENVPN_TCP"
185.217.71.140,"OPENVPN, WIREGUARD, IPSEC, OPENVPN_TCP"
87.101.94.120,"OPENVPN, WIREGUARD, IPSEC, OPENVPN_TCP"
185.217.71.24,"OPENVPN, WIREGUARD, IPSEC, OPENVPN_TCP"
185.217.71.152,"OPENVPN, WIREGUARD, IPSEC, OPENVPN_TCP, OPENVPN_LEGACY, OPENVPN_TCP_LEGACY"
138.199.39.170,"OPENVPN, WIREGUARD, IPSEC, OPENVPN_TCP"
154.47.20.225,"OPENVPN, WIREGUARD, IPSEC, OPENVPN_TCP"
62.12.118.202,"OPENVPN, WIREGUARD, IPSEC, OPENVPN_TCP"
188.215.235.57,"OPENVPN, WIREGUARD, IPSEC, OPENVPN_TCP"
188.215.235.44,"OPENVPN, WIREGUARD, IPSEC, OPENVPN_TCP"
173.244.42.160,"OPENVPN, WIREGUARD, IPSEC, OPENVPN_TCP"
62.133.47.142,"OPENVPN, WIREGUARD, IPSEC, OPENVPN_TCP"
62.133.47.146,"OPENVPN, WIREGUARD, IPSEC, OPENVPN_TCP"
64.64.98.5,"OPENVPN, WIREGUARD, IPSEC, OPENVPN_TCP"
91.90.122.133,"OPENVPN, WIREGUARD, IPSEC, OPENVPN_TCP"
91.90.122.151,"OPENVPN, WIREGUARD, IPSEC, OPENVPN_TCP"
98.159.40.25,"OPENVPN, WIREGUARD, IPSEC, OPENVPN_TCP"
95.181.239.137,"OPENVPN, WIREGUARD, IPSEC, OPENVPN_TCP"
194.32.122.29,"OPENVPN, WIREGUARD, IPSEC, OPENVPN_TCP"
194.32.122.14,"OPENVPN, WIREGUARD, IPSEC, OPENVPN_TCP"
37.46.113.237,"OPENVPN, WIREGUARD, IPSEC, OPENVPN_TCP"
196.196.53.44,"OPENVPN, WIREGUARD, IPSEC, OPENVPN_TCP"
196.196.53.126,"OPENVPN, WIREGUARD, IPSEC, OPENVPN_TCP"
196.196.53.25,"OPENVPN, WIREGUARD, IPSEC, OPENVPN_TCP"
95.181.232.20,"OPENVPN, WIREGUARD, IPSEC, OPENVPN_TCP"
95.181.232.144,"OPENVPN, WIREGUARD, IPSEC, OPENVPN_TCP"
95.181.233.159,"OPENVPN, WIREGUARD, IPSEC, OPENVPN_TCP"
95.181.233.156,"OPENVPN, WIREGUARD, IPSEC, OPENVPN_TCP"
95.181.233.140,"OPENVPN, WIREGUARD, IPSEC, OPENVPN_TCP"
178.175.130.246,"OPENVPN, WIREGUARD, IPSEC, OPENVPN_TCP"
178.175.142.131,"OPENVPN, WIREGUARD, IPSEC, OPENVPN_TCP"
176.125.229.139,"OPENVPN, WIREGUARD, IPSEC, OPENVPN_TCP"
185.225.28.11,"OPENVPN, WIREGUARD, IPSEC, OPENVPN_TCP"
98.159.41.11,"OPENVPN, WIREGUARD, IPSEC, OPENVPN_TCP"
173.244.58.10,"OPENVPN, WIREGUARD, IPSEC, OPENVPN_TCP"
84.252.92.142,"OPENVPN, WIREGUARD, IPSEC, OPENVPN_TCP"
176.125.230.140,"OPENVPN, WIREGUARD, IPSEC, OPENVPN_TCP"
176.125.230.152,"OPENVPN, WIREGUARD, IPSEC, OPENVPN_TCP"
77.81.142.210,"OPENVPN, WIREGUARD, IPSEC, OPENVPN_TCP"
77.81.142.224,"OPENVPN, WIREGUARD, IPSEC, OPENVPN_TCP"
77.81.142.149,"OPENVPN, WIREGUARD, IPSEC, OPENVPN_TCP"
77.81.142.131,"OPENVPN, WIREGUARD, IPSEC, OPENVPN_TCP"
173.239.200.150,"OPENVPN, WIREGUARD, IPSEC, OPENVPN_TCP"
146.70.15.3,"OPENVPN, WIREGUARD, IPSEC, OPENVPN_TCP"
146.70.65.26,"OPENVPN, WIREGUARD, IPSEC, OPENVPN_TCP"
146.70.65.12,"OPENVPN, WIREGUARD, IPSEC, OPENVPN_TCP"
84.17.47.112,"OPENVPN, WIREGUARD, IPSEC, OPENVPN_TCP"
191.96.168.142,"OPENVPN, WIREGUARD, IPSEC, OPENVPN_TCP"
195.78.54.29,"OPENVPN, WIREGUARD, IPSEC, OPENVPN_TCP"
191.96.168.57,"OPENVPN, WIREGUARD, IPSEC, OPENVPN_TCP"
195.78.54.153,"OPENVPN, WIREGUARD, IPSEC, OPENVPN_TCP"
181.214.206.12,"OPENVPN, WIREGUARD, IPSEC, OPENVPN_TCP"
185.253.97.253,"OPENVPN, WIREGUARD, IPSEC, OPENVPN_TCP"
185.206.225.27,"OPENVPN, WIREGUARD, IPSEC, OPENVPN_TCP, OPENVPN_LEGACY, OPENVPN_TCP_LEGACY"
173.244.33.13,"OPENVPN, WIREGUARD, IPSEC, OPENVPN_TCP"
43.250.207.104,"OPENVPN, WIREGUARD, IPSEC, OPENVPN_TCP"
91.90.126.144,"OPENVPN, WIREGUARD, IPSEC, OPENVPN_TCP"
91.90.126.159,"OPENVPN, WIREGUARD, IPSEC, OPENVPN_TCP"
45.154.155.12,"OPENVPN, WIREGUARD, IPSEC, OPENVPN_TCP"
188.214.125.74,"OPENVPN, WIREGUARD, IPSEC, OPENVPN_TCP"
188.214.125.49,"OPENVPN, WIREGUARD, IPSEC, OPENVPN_TCP"
146.70.12.10,"OPENVPN, WIREGUARD, IPSEC, OPENVPN_TCP"
45.134.212.198,"OPENVPN, WIREGUARD, IPSEC, OPENVPN_TCP"
138.199.59.170,"OPENVPN, WIREGUARD, IPSEC, OPENVPN_TCP"
138.199.59.152,"OPENVPN, WIREGUARD, IPSEC, OPENVPN_TCP"
146.70.59.154,"OPENVPN, WIREGUARD, IPSEC, OPENVPN_TCP"
146.70.59.155,"OPENVPN, WIREGUARD, IPSEC, OPENVPN_TCP"
95.181.234.134,"OPENVPN, WIREGUARD, IPSEC, OPENVPN_TCP"
84.239.14.180,"OPENVPN, WIREGUARD, IPSEC, OPENVPN_TCP"
143.244.52.69,"OPENVPN, WIREGUARD, IPSEC, OPENVPN_TCP"
84.239.14.133,"OPENVPN, WIREGUARD, IPSEC, OPENVPN_TCP"
193.176.85.108,"OPENVPN, WIREGUARD, IPSEC, OPENVPN_TCP"
84.239.49.9,"OPENVPN, WIREGUARD, IPSEC, OPENVPN_TCP"
37.46.115.50,"OPENVPN, WIREGUARD, IPSEC, OPENVPN_TCP"
146.70.52.118,"OPENVPN, WIREGUARD, IPSEC, OPENVPN_TCP"
146.70.52.30,"OPENVPN, WIREGUARD, IPSEC, OPENVPN_TCP"
146.70.52.213,"OPENVPN, WIREGUARD, IPSEC, OPENVPN_TCP"
146.70.52.104,"OPENVPN, WIREGUARD, IPSEC, OPENVPN_TCP"
146.70.52.246,"OPENVPN, WIREGUARD, IPSEC, OPENVPN_TCP"
146.70.52.222,"OPENVPN, WIREGUARD, IPSEC, OPENVPN_TCP"
146.70.52.202,"OPENVPN, WIREGUARD, IPSEC, OPENVPN_TCP"
146.70.52.227,"OPENVPN, WIREGUARD, IPSEC, OPENVPN_TCP"
95.181.235.131,"OPENVPN, WIREGUARD, IPSEC, OPENVPN_TCP"
212.112.19.9,"OPENVPN, WIREGUARD, IPSEC, OPENVPN_TCP"
188.126.79.22,"OPENVPN, WIREGUARD, IPSEC, OPENVPN_TCP"
46.246.8.165,"OPENVPN, WIREGUARD, IPSEC, OPENVPN_TCP"
89.187.162.181,"OPENVPN, WIREGUARD, IPSEC, OPENVPN_TCP"
195.80.150.219,"OPENVPN, WIREGUARD, IPSEC, OPENVPN_TCP"
149.102.232.113,"OPENVPN, WIREGUARD, IPSEC, OPENVPN_TCP"
149.102.232.83,"OPENVPN, WIREGUARD, IPSEC, OPENVPN_TCP"
173.239.201.17,"OPENVPN, WIREGUARD, IPSEC, OPENVPN_TCP"
188.213.34.8,"OPENVPN, WIREGUARD, IPSEC, OPENVPN_TCP"
188.213.34.41,"OPENVPN, WIREGUARD, IPSEC, OPENVPN_TCP"
173.244.49.34,"OPENVPN, WIREGUARD, IPSEC, OPENVPN_TCP"
173.244.49.13,"OPENVPN, WIREGUARD, IPSEC, OPENVPN_TCP"
84.239.42.156,"OPENVPN, WIREGUARD, IPSEC, OPENVPN_TCP"
185.152.66.227,"OPENVPN, WIREGUARD, IPSEC, OPENVPN_TCP"
102.129.145.75,"OPENVPN, WIREGUARD, IPSEC, OPENVPN_TCP"
173.244.56.172,"OPENVPN, WIREGUARD, IPSEC, OPENVPN_TCP"
212.102.41.13,"OPENVPN, WIREGUARD, IPSEC, OPENVPN_TCP"
84.17.45.108,"OPENVPN, WIREGUARD, IPSEC, OPENVPN_TCP"
156.146.51.214,"OPENVPN, WIREGUARD, IPSEC, OPENVPN_TCP"
154.16.105.13,"OPENVPN, WIREGUARD, IPSEC, OPENVPN_TCP"
156.146.49.183,"OPENVPN, WIREGUARD, IPSEC, OPENVPN_TCP"
212.32.50.74,"OPENVPN, WIREGUARD, IPSEC, OPENVPN_TCP"
212.56.53.102,"OPENVPN, WIREGUARD, IPSEC, OPENVPN_TCP"
45.84.102.24,"OPENVPN, WIREGUARD, IPSEC, OPENVPN_TCP"
95.181.237.132,"OPENVPN, WIREGUARD, IPSEC, OPENVPN_TCP"
173.239.247.42,"OPENVPN, WIREGUARD, IPSEC, OPENVPN_TCP"
173.239.247.11,"OPENVPN, WIREGUARD, IPSEC, OPENVPN_TCP"
154.47.30.2,"OPENVPN, WIREGUARD, IPSEC, OPENVPN_TCP"
173.239.217.23,"OPENVPN, WIREGUARD, IPSEC, OPENVPN_TCP"
173.239.217.32,"OPENVPN, WIREGUARD, IPSEC, OPENVPN_TCP"
217.138.193.179,"OPENVPN, WIREGUARD, IPSEC, OPENVPN_TCP"
31.171.155.12,"OPENVPN, WIREGUARD, IPSEC, OPENVPN_TCP"
31.171.152.104,"OPENVPN, WIREGUARD, IPSEC, OPENVPN_TCP"
31.171.152.137,"OPENVPN, WIREGUARD, IPSEC, OPENVPN_TCP"
185.253.160.133,"OPENVPN, WIREGUARD, IPSEC, OPENVPN_TCP"
185.253.160.156,"OPENVPN, WIREGUARD, IPSEC, OPENVPN_TCP"
146.70.38.70,"OPENVPN, WIREGUARD, IPSEC, OPENVPN_TCP"
146.70.39.143,"OPENVPN, WIREGUARD, IPSEC, OPENVPN_TCP"
146.70.39.7,"OPENVPN, WIREGUARD, IPSEC, OPENVPN_TCP"
37.19.223.99,"OPENVPN, WIREGUARD, IPSEC, OPENVPN_TCP"
37.19.223.17,"OPENVPN, WIREGUARD, IPSEC, OPENVPN_TCP"
37.19.223.210,"OPENVPN, WIREGUARD, IPSEC, OPENVPN_TCP"
37.19.223.120,"OPENVPN, WIREGUARD, IPSEC, OPENVPN_TCP"
37.19.223.234,"OPENVPN, WIREGUARD, IPSEC, OPENVPN_TCP"
173.239.250.55,"OPENVPN, WIREGUARD, IPSEC, OPENVPN_TCP"
173.239.250.99,"OPENVPN, WIREGUARD, IPSEC, OPENVPN_TCP"
173.239.250.49,"OPENVPN, WIREGUARD, IPSEC, OPENVPN_TCP"
173.239.250.105,"OPENVPN, WIREGUARD, IPSEC, OPENVPN_TCP"
45.130.141.39,"OPENVPN, WIREGUARD, IPSEC, OPENVPN_TCP"
45.130.141.85,"OPENVPN, WIREGUARD, IPSEC, OPENVPN_TCP"
223.252.16.157,"OPENVPN, WIREGUARD, IPSEC, OPENVPN_TCP"
98.159.36.16,"OPENVPN, WIREGUARD, IPSEC, OPENVPN_TCP"
98.159.36.6,"OPENVPN, WIREGUARD, IPSEC, OPENVPN_TCP"
98.159.40.154,"OPENVPN, WIREGUARD, IPSEC, OPENVPN_TCP"
64.64.112.18,"OPENVPN, WIREGUARD, IPSEC, OPENVPN_TCP"
181.214.218.86,"OPENVPN, WIREGUARD, IPSEC, OPENVPN_TCP"
181.214.218.113,"OPENVPN, WIREGUARD, IPSEC, OPENVPN_TCP"
181.214.218.130,"OPENVPN, WIREGUARD, IPSEC, OPENVPN_TCP"
181.214.218.179,"OPENVPN, WIREGUARD, IPSEC, OPENVPN_TCP"
181.214.218.247,"OPENVPN, WIREGUARD, IPSEC, OPENVPN_TCP"
181.214.218.192,"OPENVPN, WIREGUARD, IPSEC, OPENVPN_TCP"
181.214.218.139,"OPENVPN, WIREGUARD, IPSEC, OPENVPN_TCP"
181.214.218.197,"OPENVPN, WIREGUARD, IPSEC, OPENVPN_TCP"
181.214.218.163,"OPENVPN, WIREGUARD, IPSEC, OPENVPN_TCP"
181.214.218.240,"OPENVPN, WIREGUARD, IPSEC, OPENVPN_TCP"
156.146.55.165,"OPENVPN, WIREGUARD, IPSEC, OPENVPN_TCP"
45.154.153.11,"OPENVPN, WIREGUARD, IPSEC, OPENVPN_TCP"
188.241.177.132,"OPENVPN, WIREGUARD, IPSEC, OPENVPN_TCP"
188.241.177.44,"OPENVPN, WIREGUARD, IPSEC, OPENVPN_TCP"
188.241.177.152,"OPENVPN, WIREGUARD, IPSEC, OPENVPN_TCP"
188.241.177.115,"OPENVPN, WIREGUARD, IPSEC, OPENVPN_TCP"
95.181.238.177,"OPENVPN, WIREGUARD, IPSEC, OPENVPN_TCP"
95.181.238.182,"OPENVPN, WIREGUARD, IPSEC, OPENVPN_TCP"
45.132.194.25,"OPENVPN, WIREGUARD, IPSEC, OPENVPN_TCP"
45.132.194.9,"OPENVPN, WIREGUARD, IPSEC, OPENVPN_TCP"
45.132.194.62,"OPENVPN, WIREGUARD, IPSEC, OPENVPN_TCP"
66.56.82.20,"OPENVPN, WIREGUARD, IPSEC, OPENVPN_TCP"
5.181.233.87,"OPENVPN, WIREGUARD, IPSEC, OPENVPN_TCP"
181.214.153.16,"OPENVPN, WIREGUARD, IPSEC, OPENVPN_TCP"
84.247.105.107,"OPENVPN, WIREGUARD, IPSEC, OPENVPN_TCP"
84.247.105.63,"OPENVPN, WIREGUARD, IPSEC, OPENVPN_TCP"
179.61.197.127,"OPENVPN, WIREGUARD, IPSEC, OPENVPN_TCP"
84.17.52.66,"OPENVPN, WIREGUARD, IPSEC, OPENVPN_TCP"
102.129.143.92,"OPENVPN, WIREGUARD, IPSEC, OPENVPN_TCP"
102.129.143.31,"OPENVPN, WIREGUARD, IPSEC, OPENVPN_TCP"
84.17.52.40,"OPENVPN, WIREGUARD, IPSEC, OPENVPN_TCP, OPENVPN_LEGACY, OPENVPN_TCP_LEGACY"
146.70.11.11,"OPENVPN, WIREGUARD, IPSEC, OPENVPN_TCP"
146.70.11.62,"OPENVPN, WIREGUARD, IPSEC, OPENVPN_TCP"
188.241.80.132,"OPENVPN, WIREGUARD, IPSEC, OPENVPN_TCP"
154.47.16.154,"OPENVPN, WIREGUARD, IPSEC, OPENVPN_TCP"
154.47.16.225,"OPENVPN, WIREGUARD, IPSEC, OPENVPN_TCP"
146.70.10.45,"OPENVPN, WIREGUARD, IPSEC, OPENVPN_TCP"
146.70.10.14,"OPENVPN, WIREGUARD, IPSEC, OPENVPN_TCP"
185.253.162.143,"OPENVPN, WIREGUARD, IPSEC, OPENVPN_TCP"
185.253.162.149,"OPENVPN, WIREGUARD, IPSEC, OPENVPN_TCP"
138.199.56.249,"OPENVPN, WIREGUARD, IPSEC, OPENVPN_TCP"
195.181.161.17,"OPENVPN, WIREGUARD, IPSEC, OPENVPN_TCP"
181.214.173.39,"OPENVPN, WIREGUARD, IPSEC, OPENVPN_TCP"
193.176.86.58,"OPENVPN, WIREGUARD, IPSEC, OPENVPN_TCP"
158.173.154.44,"OPENVPN, WIREGUARD, IPSEC, OPENVPN_TCP"
181.214.173.81,"OPENVPN, WIREGUARD, IPSEC, OPENVPN_TCP"
216.24.213.185,"OPENVPN, WIREGUARD, IPSEC, OPENVPN_TCP"
181.214.173.96,"OPENVPN, WIREGUARD, IPSEC, OPENVPN_TCP"
181.214.173.233,"OPENVPN, WIREGUARD, IPSEC, OPENVPN_TCP"
194.36.108.89,"OPENVPN, WIREGUARD, IPSEC, OPENVPN_TCP"
181.214.173.152,"OPENVPN, WIREGUARD, IPSEC, OPENVPN_TCP"
158.173.155.206,"OPENVPN, WIREGUARD, IPSEC, OPENVPN_TCP, OPENVPN_LEGACY, OPENVPN_TCP_LEGACY"
188.126.94.199,"OPENVPN, WIREGUARD, IPSEC, OPENVPN_TCP"
188.126.94.236,"OPENVPN, WIREGUARD, IPSEC, OPENVPN_TCP"
173.244.32.22,"OPENVPN, WIREGUARD, IPSEC, OPENVPN_TCP"
176.125.228.164,"OPENVPN, WIREGUARD, IPSEC, OPENVPN_TCP"
176.125.228.134,"OPENVPN, WIREGUARD, IPSEC, OPENVPN_TCP"
176.125.228.152,"OPENVPN, WIREGUARD, IPSEC, OPENVPN_TCP"
173.239.220.18,"OPENVPN, WIREGUARD, IPSEC, OPENVPN_TCP"
165.231.182.144,"OPENVPN, WIREGUARD, IPSEC, OPENVPN_TCP"
165.231.182.139,"OPENVPN, WIREGUARD, IPSEC, OPENVPN_TCP"
188.214.122.71,"OPENVPN, WIREGUARD, IPSEC, OPENVPN_TCP"
188.214.122.60,"OPENVPN, WIREGUARD, IPSEC, OPENVPN_TCP"
185.93.3.113,"OPENVPN, WIREGUARD, IPSEC, OPENVPN_TCP"
45.134.213.187,"OPENVPN, WIREGUARD, IPSEC, OPENVPN_TCP"
82.102.26.217,"OPENVPN, WIREGUARD, IPSEC, OPENVPN_TCP"
37.120.142.169,"OPENVPN, WIREGUARD, IPSEC, OPENVPN_TCP"
37.120.142.54,"OPENVPN, WIREGUARD, IPSEC, OPENVPN_TCP"
146.70.22.44,"OPENVPN, WIREGUARD, IPSEC, OPENVPN_TCP"
185.253.99.195,"OPENVPN, WIREGUARD, IPSEC, OPENVPN_TCP"
82.102.26.202,"OPENVPN, WIREGUARD, IPSEC, OPENVPN_TCP"
146.70.22.70,"OPENVPN, WIREGUARD, IPSEC, OPENVPN_TCP"
196.245.54.33,"OPENVPN, WIREGUARD, IPSEC, OPENVPN_TCP"
212.112.19.67,"OPENVPN, WIREGUARD, IPSEC, OPENVPN_TCP"
188.126.88.7,"OPENVPN, WIREGUARD, IPSEC, OPENVPN_TCP"
158.173.157.132,"OPENVPN, WIREGUARD, IPSEC, OPENVPN_TCP"
203.188.183.120,"OPENVPN, WIREGUARD, IPSEC, OPENVPN_TCP"
158.173.158.9,"OPENVPN, WIREGUARD, IPSEC, OPENVPN_TCP"
158.173.158.112,"OPENVPN, WIREGUARD, IPSEC, OPENVPN_TCP"
191.101.31.158,"OPENVPN, WIREGUARD, IPSEC, OPENVPN_TCP"
158.173.158.43,"OPENVPN, WIREGUARD, IPSEC, OPENVPN_TCP, OPENVPN_LEGACY, OPENVPN_TCP_LEGACY"
158.173.157.59,"OPENVPN, WIREGUARD, IPSEC, OPENVPN_TCP"
158.173.157.105,"OPENVPN, WIREGUARD, IPSEC, OPENVPN_TCP"
191.101.217.185,"OPENVPN, WIREGUARD, IPSEC, OPENVPN_TCP"
203.188.183.21,"OPENVPN, WIREGUARD, IPSEC, OPENVPN_TCP"
203.188.182.52,"OPENVPN, WIREGUARD, IPSEC, OPENVPN_TCP"
45.133.172.155,"OPENVPN, WIREGUARD, IPSEC, OPENVPN_TCP"
45.133.173.128,"OPENVPN, WIREGUARD, IPSEC, OPENVPN_TCP"
146.70.121.200,"OPENVPN, WIREGUARD, IPSEC, OPENVPN_TCP"
45.133.173.54,"OPENVPN, WIREGUARD, IPSEC, OPENVPN_TCP"
191.101.209.66,"OPENVPN, WIREGUARD, IPSEC, OPENVPN_TCP"
45.133.172.125,"OPENVPN, WIREGUARD, IPSEC, OPENVPN_TCP"
84.17.51.5,"OPENVPN, WIREGUARD, IPSEC, OPENVPN_TCP"
191.101.209.159,"OPENVPN, WIREGUARD, IPSEC, OPENVPN_TCP"
138.199.63.98,"OPENVPN, WIREGUARD, IPSEC, OPENVPN_TCP"
95.181.236.137,"OPENVPN, WIREGUARD, IPSEC, OPENVPN_TCP"
95.181.236.148,"OPENVPN, WIREGUARD, IPSEC, OPENVPN_TCP"
91.90.120.3,"OPENVPN, WIREGUARD, IPSEC, OPENVPN_TCP"
91.90.120.32,"OPENVPN, WIREGUARD, IPSEC, OPENVPN_TCP"
79.127.175.71,"OPENVPN, WIREGUARD, IPSEC, OPENVPN_TCP"
79.127.175.22,"OPENVPN, WIREGUARD, IPSEC, OPENVPN_TCP"
173.239.205.11,"OPENVPN, WIREGUARD, IPSEC, OPENVPN_TCP"
84.17.56.143,"OPENVPN, WIREGUARD, IPSEC, OPENVPN_TCP"
84.17.56.170,"OPENVPN, WIREGUARD, IPSEC, OPENVPN_TCP"
84.17.56.44,"OPENVPN, WIREGUARD, IPSEC, OPENVPN_TCP"
154.47.29.228,"OPENVPN, WIREGUARD, IPSEC, OPENVPN_TCP"
154.47.29.204,"OPENVPN, WIREGUARD, IPSEC, OPENVPN_TCP"
86.106.74.246,"OPENVPN, WIREGUARD, IPSEC, OPENVPN_TCP"
185.189.114.124,"OPENVPN, WIREGUARD, IPSEC, OPENVPN_TCP"
173.239.201.133,"OPENVPN, WIREGUARD, IPSEC, OPENVPN_TCP"
149.34.243.91,"OPENVPN, WIREGUARD, IPSEC, OPENVPN_TCP"
155.2.195.36,"OPENVPN, WIREGUARD, IPSEC, OPENVPN_TCP"
149.34.242.245,"OPENVPN, WIREGUARD, IPSEC, OPENVPN_TCP"
149.88.26.79,"OPENVPN, WIREGUARD, IPSEC, OPENVPN_TCP"
149.88.26.44,"OPENVPN, WIREGUARD, IPSEC, OPENVPN_TCP"
91.90.124.142,"OPENVPN, WIREGUARD, IPSEC, OPENVPN_TCP"
91.90.124.150,"OPENVPN, WIREGUARD, IPSEC, OPENVPN_TCP"
103.108.174.172,"OPENVPN, WIREGUARD, IPSEC, OPENVPN_TCP"
62.133.46.11,"OPENVPN, WIREGUARD, IPSEC, OPENVPN_TCP"
62.133.46.25,"OPENVPN, WIREGUARD, IPSEC, OPENVPN_TCP"
45.133.193.11,"OPENVPN, WIREGUARD, IPSEC, OPENVPN_TCP"
45.133.193.21,"OPENVPN, WIREGUARD, IPSEC, OPENVPN_TCP"
212.102.55.104,"OPENVPN, WIREGUARD, IPSEC, OPENVPN_TCP"
84.17.58.40,"OPENVPN, WIREGUARD, IPSEC, OPENVPN_TCP"
84.17.58.22,"OPENVPN, WIREGUARD, IPSEC, OPENVPN_TCP"
138.199.54.11,"OPENVPN, WIREGUARD, IPSEC, OPENVPN_TCP"
87.101.94.115,"OPENVPN, WIREGUARD, IPSEC, OPENVPN_TCP"
87.101.94.70,"OPENVPN, WIREGUARD, IPSEC, OPENVPN_TCP"
185.217.71.26,"OPENVPN, WIREGUARD, IPSEC, OPENVPN_TCP"
185.217.71.135,"OPENVPN, WIREGUARD, IPSEC, OPENVPN_TCP"
185.217.71.149,"OPENVPN, WIREGUARD, IPSEC, OPENVPN_TCP, OPENVPN_LEGACY, OPENVPN_TCP_LEGACY"
138.199.39.187,"OPENVPN, WIREGUARD, IPSEC, OPENVPN_TCP"
154.47.20.235,"OPENVPN, WIREGUARD, IPSEC, OPENVPN_TCP"
62.12.118.203,"OPENVPN, WIREGUARD, IPSEC, OPENVPN_TCP"
188.215.235.49,"OPENVPN, WIREGUARD, IPSEC, OPENVPN_TCP"
188.215.235.43,"OPENVPN, WIREGUARD, IPSEC, OPENVPN_TCP"
173.244.42.162,"OPENVPN, WIREGUARD, IPSEC, OPENVPN_TCP"
62.133.47.137,"OPENVPN, WIREGUARD, IPSEC, OPENVPN_TCP"
62.133.47.155,"OPENVPN, WIREGUARD, IPSEC, OPENVPN_TCP"
64.64.98.14,"OPENVPN, WIREGUARD, IPSEC, OPENVPN_TCP"
91.90.122.142,"OPENVPN, WIREGUARD, IPSEC, OPENVPN_TCP"
91.90.122.152,"OPENVPN, WIREGUARD, IPSEC, OPENVPN_TCP"
98.159.40.28,"OPENVPN, WIREGUARD, IPSEC, OPENVPN_TCP"
95.181.239.140,"OPENVPN, WIREGUARD, IPSEC, OPENVPN_TCP"
194.32.122.23,"OPENVPN, WIREGUARD, IPSEC, OPENVPN_TCP"
194.32.122.14,"OPENVPN, WIREGUARD, IPSEC, OPENVPN_TCP"
37.46.113.250,"OPENVPN, WIREGUARD, IPSEC, OPENVPN_TCP"
196.196.53.124,"OPENVPN, WIREGUARD, IPSEC, OPENVPN_TCP"
196.196.53.29,"OPENVPN, WIREGUARD, IPSEC, OPENVPN_TCP"
196.196.53.37,"OPENVPN, WIREGUARD, IPSEC, OPENVPN_TCP"
95.181.232.133,"OPENVPN, WIREGUARD, IPSEC, OPENVPN_TCP"
95.181.232.23,"OPENVPN, WIREGUARD, IPSEC, OPENVPN_TCP"
95.181.233.159,"OPENVPN, WIREGUARD, IPSEC, OPENVPN_TCP"
95.181.233.150,"OPENVPN, WIREGUARD, IPSEC, OPENVPN_TCP"
95.181.233.131,"OPENVPN, WIREGUARD, IPSEC, OPENVPN_TCP"
178.175.130.251,"OPENVPN, WIREGUARD, IPSEC, OPENVPN_TCP"
178.175.142.134,"OPENVPN, WIREGUARD, IPSEC, OPENVPN_TCP"
176.125.229.131,"OPENVPN, WIREGUARD, IPSEC, OPENVPN_TCP"
185.225.28.8,"OPENVPN, WIREGUARD, IPSEC, OPENVPN_TCP"
98.159.41.13,"OPENVPN, WIREGUARD, IPSEC, OPENVPN_TCP"
173.244.58.11,"OPENVPN, WIREGUARD, IPSEC, OPENVPN_TCP"
84.252.92.138,"OPENVPN, WIREGUARD, IPSEC, OPENVPN_TCP"
176.125.230.131,"OPENVPN, WIREGUARD, IPSEC, OPENVPN_TCP"
176.125.230.163,"OPENVPN, WIREGUARD, IPSEC, OPENVPN_TCP"
77.81.142.220,"OPENVPN, WIREGUARD, IPSEC, OPENVPN_TCP"
77.81.142.211,"OPENVPN, WIREGUARD, IPSEC, OPENVPN_TCP"
77.81.142.154,"OPENVPN, WIREGUARD, IPSEC, OPENVPN_TCP"
77.81.142.133,"OPENVPN, WIREGUARD, IPSEC, OPENVPN_TCP"
173.239.200.135,"OPENVPN, WIREGUARD, IPSEC, OPENVPN_TCP"
146.70.15.13,"OPENVPN, WIREGUARD, IPSEC, OPENVPN_TCP"
146.70.65.15,"OPENVPN, WIREGUARD, IPSEC, OPENVPN_TCP"
146.70.65.16,"OPENVPN, WIREGUARD, IPSEC, OPENVPN_TCP"
84.17.47.111,"OPENVPN, WIREGUARD, IPSEC, OPENVPN_TCP"
191.96.168.133,"OPENVPN, WIREGUARD, IPSEC, OPENVPN_TCP"
195.78.54.44,"OPENVPN, WIREGUARD, IPSEC, OPENVPN_TCP"
191.96.168.50,"OPENVPN, WIREGUARD, IPSEC, OPENVPN_TCP"
195.78.54.134,"OPENVPN, WIREGUARD, IPSEC, OPENVPN_TCP"
181.214.206.39,"OPENVPN, WIREGUARD, IPSEC, OPENVPN_TCP"
185.253.97.244,"OPENVPN, WIREGUARD, IPSEC, OPENVPN_TCP"
185.206.225.29,"OPENVPN, WIREGUARD, IPSEC, OPENVPN_TCP, OPENVPN_LEGACY, OPENVPN_TCP_LEGACY"
173.244.33.7,"OPENVPN, WIREGUARD, IPSEC, OPENVPN_TCP"
43.250.207.100,"OPENVPN, WIREGUARD, IPSEC, OPENVPN_TCP"
91.90.126.142,"OPENVPN, WIREGUARD, IPSEC, OPENVPN_TCP"
91.90.126.151,"OPENVPN, WIREGUARD, IPSEC, OPENVPN_TCP"
45.154.155.17,"OPENVPN, WIREGUARD, IPSEC, OPENVPN_TCP"
188.214.125.68,"OPENVPN, WIREGUARD, IPSEC, OPENVPN_TCP"
188.214.125.55,"OPENVPN, WIREGUARD, IPSEC, OPENVPN_TCP"
146.70.12.9,"OPENVPN, WIREGUARD, IPSEC, OPENVPN_TCP"
45.134.212.200,"OPENVPN, WIREGUARD, IPSEC, OPENVPN_TCP"
138.199.59.138,"OPENVPN, WIREGUARD, IPSEC, OPENVPN_TCP"
138.199.59.167,"OPENVPN, WIREGUARD, IPSEC, OPENVPN_TCP"
146.70.59.140,"OPENVPN, WIREGUARD, IPSEC, OPENVPN_TCP"
146.70.59.171,"OPENVPN, WIREGUARD, IPSEC, OPENVPN_TCP"
95.181.234.132,"OPENVPN, WIREGUARD, IPSEC, OPENVPN_TCP"
84.239.14.178,"OPENVPN, WIREGUARD, IPSEC, OPENVPN_TCP"
143.244.52.61,"OPENVPN, WIREGUARD, IPSEC, OPENVPN_TCP"
84.239.14.141,"OPENVPN, WIREGUARD, IPSEC, OPENVPN_TCP"
84.239.49.17,"OPENVPN, WIREGUARD, IPSEC, OPENVPN_TCP"
193.176.85.116,"OPENVPN, WIREGUARD, IPSEC, OPENVPN_TCP"
37.46.115.56,"OPENVPN, WIREGUARD, IPSEC, OPENVPN_TCP"
146.70.52.115,"OPENVPN, WIREGUARD, IPSEC, OPENVPN_TCP"
146.70.52.247,"OPENVPN, WIREGUARD, IPSEC, OPENVPN_TCP"
146.70.52.45,"OPENVPN, WIREGUARD, IPSEC, OPENVPN_TCP"
146.70.52.221,"OPENVPN, WIREGUARD, IPSEC, OPENVPN_TCP"
146.70.52.212,"OPENVPN, WIREGUARD, IPSEC, OPENVPN_TCP"
146.70.52.102,"OPENVPN, WIREGUARD, IPSEC, OPENVPN_TCP"
146.70.52.231,"OPENVPN, WIREGUARD, IPSEC, OPENVPN_TCP"
146.70.52.199,"OPENVPN, WIREGUARD, IPSEC, OPENVPN_TCP"
95.181.235.141,"OPENVPN, WIREGUARD, IPSEC, OPENVPN_TCP"
188.126.79.6,"OPENVPN, WIREGUARD, IPSEC, OPENVPN_TCP"
212.112.19.8,"OPENVPN, WIREGUARD, IPSEC, OPENVPN_TCP"
46.246.8.172,"OPENVPN, WIREGUARD, IPSEC, OPENVPN_TCP"
89.187.162.183,"OPENVPN, WIREGUARD, IPSEC, OPENVPN_TCP"
195.80.150.221,"OPENVPN, WIREGUARD, IPSEC, OPENVPN_TCP"
149.102.232.95,"OPENVPN, WIREGUARD, IPSEC, OPENVPN_TCP"
149.102.232.76,"OPENVPN, WIREGUARD, IPSEC, OPENVPN_TCP"
173.239.201.13,"OPENVPN, WIREGUARD, IPSEC, OPENVPN_TCP"
188.213.34.42,"OPENVPN, WIREGUARD, IPSEC, OPENVPN_TCP"
188.213.34.5,"OPENVPN, WIREGUARD, IPSEC, OPENVPN_TCP"
173.244.49.8,"OPENVPN, WIREGUARD, IPSEC, OPENVPN_TCP"
173.244.49.33,"OPENVPN, WIREGUARD, IPSEC, OPENVPN_TCP"
84.239.42.130,"OPENVPN, WIREGUARD, IPSEC, OPENVPN_TCP"
173.244.56.191,"OPENVPN, WIREGUARD, IPSEC, OPENVPN_TCP"
102.129.145.88,"OPENVPN, WIREGUARD, IPSEC, OPENVPN_TCP"
212.102.41.13,"OPENVPN, WIREGUARD, IPSEC, OPENVPN_TCP"
84.17.45.107,"OPENVPN, WIREGUARD, IPSEC, OPENVPN_TCP"
156.146.51.202,"OPENVPN, WIREGUARD, IPSEC, OPENVPN_TCP"
212.32.50.90,"OPENVPN, WIREGUARD, IPSEC, OPENVPN_TCP"
185.152.66.233,"OPENVPN, WIREGUARD, IPSEC, OPENVPN_TCP"
156.146.49.180,"OPENVPN, WIREGUARD, IPSEC, OPENVPN_TCP"
154.16.105.12,"OPENVPN, WIREGUARD, IPSEC, OPENVPN_TCP"
212.56.53.110,"OPENVPN, WIREGUARD, IPSEC, OPENVPN_TCP"
45.84.102.27,"OPENVPN, WIREGUARD, IPSEC, OPENVPN_TCP"
95.181.237.139,"OPENVPN, WIREGUARD, IPSEC, OPENVPN_TCP"
173.239.247.38,"OPENVPN, WIREGUARD, IPSEC, OPENVPN_TCP"
173.239.247.14,"OPENVPN, WIREGUARD, IPSEC, OPENVPN_TCP"
154.47.30.8,"OPENVPN, WIREGUARD, IPSEC, OPENVPN_TCP"
